"","year","type","blk","gc","rs","depth","mass","newroot","Nitrolancea","Desulfallas-Sporotomaculum","Thermaerobacter","Candidatus Rubidus","Candidatus Captivus","Desulfovibrio","ZOR0006","Sedimentibacter","Tepidimicrobium","Brevibacillus","1921-3","Longilinea","Cohnella","Thermostilla","WCHB1-32","Syntrophomonas","Methylophilus","Tyzzerella","Rhizomicrobium","Tissierella","Rubrobacter","Desulfobulbus","Anaerocolumna","Lentimicrobium","Planctomicrobium","Candidatus Amoebophilus","Leptolyngbya Es-Yyy1000","Pedococcus-Phycicoccus","Niabella","Rhodopirellula","FFCH7168","Anaerolinea","I-8","Deinococcus","Pelosinus","Papillibacter","TM7a","Vampirovibrio","Emticicia","Nostoc PCC-7524","SM1A02","Tepidisphaera","Telmatocola","Limnochorda","Desulfitobacterium","Marimicrobium","Desulfosporosinus","Abditibacterium","Sorangium","Arboricoccus","Shimazuella","DEV114","Bacteriovorax","Candidatus Omnitrophus","Peredibacter","Prosthecobacter","Candidatus Paracaedibacter","Brevifollis","Sumerlaea","Altererythrobacter","Candidatus Babela","Oligoflexus","Ruminiclostridium","Blastopirellula","SH3-11","Sandaracinus","1921-2","Sporocytophaga","Phycisphaera","Silvanigrella","Modestobacter","Holophaga","Anaerobacterium","Lacibacter","Neochlamydia","Turneriella","Parafilimonas","AKYG587","KD3-10","CL500-29 marine group","Bauldia","Roseomonas","Pseudopelobacter","Ktedonobacter","Pseudenhygromyxa","Symbiobacterium","Defluviicoccus","Tundrisphaera","Bdellovibrio","FCPS473","Candidatus Rhabdochlamydia","Schlesneria","Salinispira","G12-WMSP1","Verrucomicrobium","Planifilum","Porticoccus","Spirochaeta 2","JG30a-KF-32","OM60(NOR5) clade","Candidatus Protochlamydia","Cellvibrio","P3OB-42","Cytophaga","alphaI cluster","Pelomonas","possible genus 04","SH-PL14","Roseimicrobium","Blastococcus","Romboutsia","1959-1","Sulfurifustis","Aurantisolimonas","Segetibacter","Coxiella","Zavarzinella","Nevskia","Adhaeribacter","Uliginosibacterium","Terriglobus","DEV008","Pir4 lineage","Rhodovastum","Flavihumibacter","Fimbriimonas","Legionella","Geothrix","OM27 clade","Candidatus Ovatusbacter","Dechloromonas","Candidatus Obscuribacter","Nannocystis","Cereibacter","Candidatus Alysiosphaera","AAP99","Alkanindiges","Gemmata","Ohtaekwangia","Clostridium sensu stricto 12","Ilumatobacter","Nocardia","Anaeromyxobacter","Dyadobacter","Fluviicola","Acinetobacter","Methylobacter","Inquilinus","Aeromonas","Granulicella","Dinghuibacter","Methylobacterium-Methylorubrum","Xanthomonas","UTBCD1","Sphingobium","Hirschia","Fimbriiglobus","Edaphobaculum","Actinomadura","Hydrocarboniphaga","Hassallia","Bryocella","Polycyclovorans","Thermosporothrix","Clostridium sensu stricto 9","Taibaiella","Filimonas","Azospira","Pirellula","Ellin6055","SWB02","Ammoniphilus","Xylella","Skermanella","Duganella","Pantoea","Flavitalea","Tardiphaga","Alkanibacter","Clostridium sensu stricto 3","Phaselicystis","Paenibacillus","Polyangium","Dokdonella","Luteibacter","OLB12","Sediminibacterium","Pajaroellobacter","Dyella","Terrimicrobium","Rhodomicrobium","Microvirga","Bosea","Rurimicrobium","Rickettsiella","Pseudoxanthomonas","Oxalicibacterium","Chthonomonas","Clostridium sensu stricto 5","Microterricola","Arenimonas","Opitutus","Clostridium sensu stricto 2","Tumebacillus","Candidatus Berkiella","Thermoactinomyces","Afipia","Terracidiphilus","Paraclostridium","Clostridium sensu stricto 13","Acidovorax","Sporosarcina","Cellulomonas","Agromyces","MM2","Vicinamibacter","Kineosporia","Stenotrophomonas","Labrys","Undibacterium","Citrifermentans","Yersinia","Kitasatospora","Nocardioides","Cystobacter","Dactylosporangium","Pseudoduganella","Clostridium sensu stricto 1","Subgroup 10","Neorhizobium","IS-44","Chryseobacterium","Luteolibacter","Candidatus Koribacter","Rhodanobacter","Solimonas","Phenylobacterium","Corallococcus","Dongia","Ralstonia","Lacunisphaera","Aeromicrobium","Rhodococcus","Rudaea","Solirubrobacter","Nitrosospira","Lysinimonas","Acidipila-Silvibacterium","Lysobacter","Lysinibacillus","Ferribacterium","Asticcacaulis","Caenimonas","Ferruginibacter","Kribbella","Pedobacter","Actinoplanes","Mucilaginibacter","Actimicrobium","Cupriavidus","Occallatibacter","mle1-7","Edaphobacter","Conyzicola","Pedomicrobium","Iamia","Roseiarcus","Singulisphaera","Aquicella","Minicystis","Nordella","Geobacter","Chryseolinea","Terrimonas","Luedemannella","Flavobacterium","Massilia","Noviherbaspirillum","Methylotenera","RB41","Collimonas","Rhizobacter","MND1","Devosia","Caulobacter","Pseudonocardia","Piscinibacter","Archangium","Chitinophaga","HSB OF53-F07","Puia","Niastella","Chthoniobacter","Conexibacter","Povalibacter","Ramlibacter","Jatrophihabitans","Candidatus Solibacter","Terrabacter","JGI 0001001-H03","Aquisphaera","Rhodoplanes","Acidicaldus","Mesorhizobium","Nitrospira","Novosphingobium","Reyranella","Nakamurella","Gemmatimonas","Haliangium","Candidatus Xiphinematobacter","Actinospica","ADurb.Bin063-1","Bryobacter","Acidibacter","Aetherobacter","Variovorax","Gaiella","UBA6140","Sphaerotilus","Pseudomonas","Allorhizobium-Neorhizobium-Pararhizobium-Rhizobium","Oryzihumus","Pseudolabrys","Steroidobacter","Hyphomicrobium","Ellin6067","Arthrobacter","Pseudarthrobacter","Streptomyces","Burkholderia-Caballeronia-Paraburkholderia","unclassified","Bacillus","Mycobacterium","Acidothermus","Sphingomonas","Candidatus Udaeobacter","Bradyrhizobium"
"SF1",2020,"soil","A","noGC","LV",0,313,313,0,0,0,0,0,0,0,0,0,0,0,0,0,0,0,0,0,0,0,0,0,0,0,0,0,0,0,0,0,0,0,0,0,0,0,0,0,0,0,0,0,0,0,0,0,0,0,2,0,0,0,0,0,0,0,0,0,0,0,0,0,0,0,0,0,0,0,0,0,0,0,0,0,0,0,0,0,16,0,0,0,0,0,0,0,0,0,0,0,0,0,0,0,0,0,0,0,0,0,0,0,0,0,0,0,0,0,11,0,0,0,0,0,0,0,0,0,0,0,0,0,0,0,0,0,0,0,0,0,0,0,0,0,0,0,0,0,0,0,0,0,0,0,0,0,0,0,0,0,0,0,0,0,0,0,0,0,0,0,0,0,0,0,0,0,0,0,0,0,0,0,0,0,0,0,0,0,0,0,0,0,0,0,0,0,0,0,0,0,0,22,0,0,0,0,0,0,0,0,0,79,0,0,0,0,51,0,0,0,51,0,0,0,0,0,0,0,0,0,0,0,0,0,0,0,0,0,0,0,0,0,0,0,0,0,0,0,0,0,0,0,0,0,0,0,0,0,9,0,0,0,0,0,0,0,0,0,0,0,0,0,16,0,0,0,0,0,0,0,0,0,0,94,0,0,0,0,0,0,0,0,0,0,0,0,0,0,0,0,0,0,0,0,0,58,0,0,74,0,0,0,0,0,0,86,0,0,0,0,48,94,0,0,0,0,0,0,253,0,0,127,0,0,287,86,180,0,0,133,0,0,2091,895,203,0,0,763,225
"SF2",2020,"soil","A","noGC","LV",33,326,326,0,0,0,0,0,0,0,0,0,0,0,0,0,0,0,0,0,0,0,0,0,0,0,0,0,0,0,0,0,0,0,0,0,0,0,0,0,0,0,0,2,0,0,0,0,0,0,0,0,0,0,0,0,0,0,0,0,0,0,0,0,0,0,0,0,0,0,0,0,0,0,0,0,0,0,0,0,0,0,0,0,0,0,0,0,0,0,0,0,0,0,0,0,0,0,0,0,0,0,0,0,0,0,0,0,0,6,0,0,0,0,0,0,0,0,0,30,0,37,0,0,0,0,0,0,0,0,0,0,0,43,0,0,0,0,0,0,0,0,0,51,0,0,0,0,0,0,0,0,0,0,0,0,0,0,0,0,0,47,0,0,0,17,0,0,0,0,0,72,73,15,0,0,0,0,0,0,0,0,0,0,0,0,0,0,0,0,0,0,0,0,0,0,0,0,0,0,0,0,0,0,0,0,0,0,93,0,0,0,0,0,0,0,0,0,0,0,0,0,0,0,0,0,0,0,0,0,23,0,0,0,0,0,0,0,0,0,0,0,0,0,0,0,0,0,0,0,0,94,0,0,0,0,0,0,0,0,0,0,0,0,0,0,0,53,0,0,0,0,0,0,0,98,0,0,0,0,0,0,0,0,0,147,0,0,0,0,0,0,0,0,0,20,66,130,0,56,0,0,0,0,228,0,0,97,0,103,0,0,77,121,0,0,134,204,150,0,236,0,0,80,0,0,155,0,37,0,0,107,80,0,3784,753,185,126,68,1208,316
"SF3",2020,"soil","A","noGC","LV",66,292,292,0,0,0,0,0,0,0,0,0,0,0,0,0,0,0,0,0,2,0,0,0,0,0,0,0,0,0,0,0,0,0,0,0,0,0,0,0,0,0,0,0,0,0,0,0,0,0,0,0,0,0,0,9,0,0,0,0,0,0,0,0,3,0,0,0,0,0,3,0,0,0,0,0,0,0,0,0,0,7,0,0,0,0,0,0,0,0,0,9,0,0,0,0,0,0,0,0,0,10,0,0,0,0,0,0,0,0,0,3,0,0,6,0,0,0,0,0,0,0,0,0,0,0,0,0,0,0,0,3,0,0,0,0,0,0,0,0,0,0,0,0,0,0,0,0,0,0,0,0,0,0,0,0,0,0,0,14,0,0,0,0,0,46,0,0,0,0,0,35,0,0,29,0,0,0,0,0,0,0,0,0,0,0,0,0,0,0,0,0,0,0,0,0,0,0,0,0,0,0,0,0,0,0,0,0,0,0,0,0,0,0,0,0,0,0,0,0,0,27,0,0,0,0,43,0,0,0,0,62,0,0,0,0,0,0,0,0,0,0,66,0,0,0,0,0,0,0,0,0,0,0,0,0,0,0,0,0,0,0,0,0,0,0,0,0,0,0,0,7,0,0,0,0,0,108,0,47,0,0,0,0,0,38,0,0,0,0,154,0,439,109,0,0,0,6,140,0,0,0,0,0,0,0,64,161,0,31,176,57,0,203,0,182,68,243,0,0,0,0,0,54,0,165,112,0,0,164,357,231,0,0,5544,592,253,390,649,822,353
"SF4",2020,"soil","A","GC","LV",0,278,278,0,0,0,0,0,0,0,0,0,0,0,0,0,0,0,0,0,0,0,0,0,0,0,0,0,0,0,0,0,0,0,0,0,0,0,0,0,0,0,0,0,0,0,0,0,0,0,0,0,0,0,0,0,3,0,0,0,0,0,0,0,0,0,0,0,0,0,0,14,0,0,0,15,0,0,0,0,0,0,0,0,0,0,0,0,0,0,0,0,0,0,0,0,0,0,0,0,0,0,0,0,0,0,0,0,0,0,5,0,30,0,0,32,0,31,33,0,0,15,0,0,0,0,0,0,0,0,0,0,0,0,0,0,0,18,0,0,0,0,0,25,0,0,0,0,0,0,0,0,0,0,0,0,0,0,0,0,0,0,0,0,0,46,18,0,0,0,0,0,0,0,42,0,0,0,0,0,0,0,0,0,84,0,0,0,0,0,111,0,0,0,0,0,0,0,0,0,75,0,0,0,0,0,92,0,0,0,0,27,0,0,0,0,0,0,0,0,0,0,65,0,68,0,78,0,0,0,0,46,0,0,0,0,0,92,0,76,0,0,0,0,0,0,81,0,0,0,0,0,0,0,0,0,0,0,0,0,0,0,0,77,59,0,0,0,0,117,0,0,0,0,0,0,0,0,165,112,0,0,84,0,0,132,0,0,109,0,136,0,403,123,0,0,0,0,140,150,0,208,155,117,0,167,141,160,0,172,248,338,0,117,0,205,0,229,0,0,0,0,0,170,0,318,313,0,0,267,335,299,0,185,7374,1086,345,407,608,1670,524
"SF5",2020,"soil","A","GC","LV",33,339,339,0,0,0,0,0,0,0,0,0,0,0,0,0,0,0,0,0,0,0,0,0,0,0,0,0,0,0,0,3,0,0,0,0,0,0,0,0,0,0,0,2,0,0,0,0,0,0,0,0,0,0,0,0,0,0,0,0,0,0,0,0,0,0,0,0,0,0,0,0,0,0,0,0,0,4,0,0,0,0,0,0,0,0,0,0,0,16,0,0,0,0,0,0,0,0,0,0,0,0,0,0,0,0,0,0,0,0,0,15,0,0,0,0,10,0,0,22,0,0,0,0,0,0,0,0,0,0,0,0,0,0,0,0,0,0,0,0,26,0,0,0,0,0,0,0,0,0,0,0,0,0,0,0,0,0,0,0,4,38,0,2,0,0,0,0,0,0,36,0,0,0,0,0,0,0,0,0,0,0,0,0,0,0,0,0,0,0,0,0,0,0,0,0,0,0,0,0,0,0,0,0,0,0,0,0,49,0,0,0,0,0,0,0,0,0,0,0,0,0,0,60,0,0,0,0,0,0,0,0,0,0,0,0,0,0,0,0,0,0,0,0,0,0,0,0,0,0,0,0,0,0,0,0,0,71,0,0,0,0,0,0,74,0,0,0,0,0,0,0,0,0,0,0,0,0,0,0,0,0,0,0,0,0,0,0,0,0,0,0,0,0,0,78,0,77,0,0,0,0,0,0,0,0,0,53,0,0,0,0,0,154,0,0,0,125,0,0,338,0,0,0,0,0,244,0,0,0,0,158,0,0,2037,273,176,0,0,788,258
"SF6",2020,"soil","A","GC","LV",66,297,297,0,0,0,0,0,0,0,0,0,0,0,0,0,0,0,0,2,0,0,0,0,0,0,0,0,0,0,0,0,0,0,0,0,0,0,0,0,0,0,0,0,0,0,0,0,0,0,0,0,0,0,0,0,0,0,0,0,0,0,0,0,0,0,0,3,0,0,0,0,0,0,0,0,0,0,0,0,0,0,0,0,0,0,0,0,0,0,0,0,0,0,0,0,0,0,0,0,0,0,0,0,0,16,0,0,0,0,0,0,0,0,0,0,0,33,0,0,0,0,0,0,0,0,0,0,0,0,0,0,0,0,0,0,0,11,0,0,0,0,0,0,0,0,0,0,0,0,0,0,0,0,0,0,0,0,0,0,0,0,0,0,0,0,0,0,0,0,0,23,0,0,0,0,0,0,0,0,0,0,0,0,36,0,0,0,0,0,0,0,0,0,0,0,0,5,0,0,0,0,0,0,0,0,0,0,0,0,0,22,0,0,0,0,0,0,0,0,0,0,0,0,0,0,51,0,0,0,0,0,0,0,0,0,0,0,0,0,0,0,0,30,0,0,0,0,0,0,0,0,0,0,0,0,0,0,0,0,0,0,0,0,0,0,0,0,0,78,0,0,116,29,0,0,0,0,0,0,0,0,51,0,0,0,0,0,103,0,0,0,127,66,0,51,286,0,79,0,69,0,59,0,0,0,64,94,0,42,0,84,156,200,0,211,59,0,0,0,0,0,0,0,0,152,206,0,0,0,177,170,0,138,3162,627,258,254,352,968,268
"SF7",2020,"soil","A","GC","MV",0,267,267,0,0,0,0,0,0,0,0,0,0,0,0,0,0,0,0,0,0,0,0,0,0,0,0,0,0,0,0,0,0,0,0,0,0,0,0,0,0,0,0,0,0,0,0,0,0,0,0,0,0,0,0,0,0,0,0,0,0,0,0,0,0,0,0,0,0,0,0,0,0,0,0,0,0,0,0,0,0,0,0,0,0,0,0,0,0,0,0,0,11,0,0,0,0,0,0,0,0,0,0,0,0,0,0,0,0,0,0,0,0,0,0,0,0,0,0,0,0,0,0,0,0,0,0,0,0,0,42,0,0,0,0,0,0,0,0,0,35,0,0,0,0,0,0,0,0,0,0,0,0,0,0,0,0,0,0,0,0,0,0,0,0,0,0,0,0,0,0,14,0,0,0,0,0,0,0,0,0,0,0,0,0,0,0,0,0,0,0,0,0,0,0,0,0,0,0,0,0,0,0,0,0,0,0,0,0,0,0,32,0,0,0,0,0,0,0,0,0,0,0,0,0,0,43,0,0,0,32,0,0,114,0,0,0,0,0,0,0,0,78,17,0,0,0,0,0,0,0,0,0,0,0,0,0,0,0,0,0,0,0,0,0,0,0,0,0,0,0,0,0,0,0,0,0,0,0,55,0,0,0,0,0,0,0,0,0,0,0,0,173,0,0,0,0,0,81,0,0,0,0,0,189,0,64,280,0,0,205,223,104,283,0,134,76,159,0,0,0,0,0,91,0,177,186,0,0,131,184,132,0,0,4187,636,295,284,369,1014,346
"SF8",2020,"soil","A","GC","MV",33,327,327,0,0,0,0,0,0,0,0,0,0,0,0,0,0,0,0,0,0,0,0,0,0,0,0,0,0,0,0,0,0,0,0,0,0,0,0,0,0,0,0,3,0,0,0,0,0,0,0,0,0,0,0,0,0,0,0,0,0,0,0,0,0,0,0,0,0,0,0,0,0,0,0,0,0,0,0,0,15,0,0,0,0,0,0,0,0,0,0,0,0,0,0,0,0,0,0,0,0,0,0,0,0,0,0,0,0,0,0,0,0,0,0,0,0,0,0,34,0,0,0,0,0,0,0,0,0,14,0,8,0,0,0,44,0,0,0,0,0,0,0,28,0,0,0,0,0,0,0,0,0,0,0,0,0,0,0,32,0,66,0,0,0,0,4,0,0,0,0,0,0,0,0,0,0,0,0,0,0,0,0,0,0,0,0,0,0,0,0,0,0,0,0,0,0,0,0,0,4,0,0,0,17,0,36,0,0,0,0,0,0,0,0,0,0,0,0,0,0,0,0,0,0,0,0,0,0,0,44,0,0,0,0,0,0,0,0,0,0,0,0,0,0,0,0,0,0,0,0,0,0,0,0,0,0,0,0,0,4,0,0,0,0,0,0,0,0,0,0,0,0,0,0,89,0,0,0,0,0,0,0,0,0,0,0,0,0,0,101,0,0,0,0,18,0,152,0,0,0,0,0,69,132,0,0,109,0,44,0,0,80,143,0,0,112,147,0,0,444,0,0,0,0,0,71,0,97,142,104,0,0,0,2547,711,219,0,50,1094,273
"SF9",2020,"soil","A","GC","MV",66,311,311,0,0,0,0,0,0,0,0,0,0,0,0,0,0,0,0,0,0,0,0,0,0,0,0,0,0,0,0,0,0,0,0,0,0,0,0,0,0,0,0,0,0,0,0,0,0,0,0,0,0,0,0,0,0,0,0,0,0,0,12,0,0,0,0,0,0,0,14,0,0,0,0,0,0,0,0,0,0,0,0,0,0,0,0,0,0,0,0,3,0,0,0,0,0,0,0,0,0,0,0,0,0,11,0,0,0,4,0,0,0,0,0,0,0,12,0,0,0,0,0,0,0,0,0,0,0,0,0,0,0,0,0,0,0,0,0,0,0,0,0,0,0,0,0,0,0,0,0,0,0,0,0,0,0,0,0,0,0,0,0,0,0,23,0,0,0,0,0,30,0,0,0,0,0,0,0,0,0,0,0,0,0,0,0,0,0,0,0,0,0,0,0,0,0,0,0,0,33,0,0,0,0,0,32,0,0,0,0,16,0,0,0,0,0,0,0,0,0,0,0,0,0,0,0,0,0,0,0,0,0,0,0,20,0,0,0,0,0,0,0,0,0,0,0,0,135,0,0,0,0,0,0,0,0,0,0,0,0,0,0,0,0,0,0,0,0,0,0,28,0,0,0,0,0,0,0,0,0,0,0,0,0,0,0,0,0,0,0,0,75,0,0,0,0,0,94,101,0,0,80,174,0,0,0,113,0,0,0,0,140,0,0,190,160,141,0,0,0,0,0,0,0,138,242,0,0,107,85,79,69,205,3906,617,0,290,305,751,282
"SF10",2020,"soil","A","noGC","MV",0,312,312,0,0,0,0,0,0,0,0,0,0,0,0,0,0,0,0,0,0,0,0,0,0,0,0,0,0,0,0,0,0,0,0,0,0,0,0,0,0,0,0,0,0,0,0,0,0,0,0,0,0,0,0,0,0,0,0,0,0,0,0,0,0,0,0,0,0,0,0,0,0,0,15,0,0,0,0,0,0,0,0,0,0,0,0,0,0,0,0,0,0,0,0,0,0,0,0,0,0,0,0,0,0,3,0,0,0,0,0,0,0,0,0,0,0,0,0,0,0,0,0,0,0,21,0,0,0,25,0,0,0,0,0,0,0,0,0,0,0,0,0,0,0,0,0,0,0,0,0,0,0,0,0,0,0,0,0,0,0,0,0,0,0,37,0,0,0,0,0,0,0,0,0,0,0,0,0,0,0,0,61,0,0,0,0,0,0,0,0,0,0,0,14,0,0,0,0,88,0,0,0,0,0,0,0,0,0,0,0,50,0,0,0,0,0,0,0,0,0,0,0,0,0,0,0,0,0,0,0,0,0,0,0,0,0,83,0,0,0,0,0,0,0,0,0,0,0,0,0,0,0,0,0,0,41,0,0,0,0,0,0,0,0,0,0,0,0,100,0,38,0,0,21,0,0,0,0,69,0,0,0,0,0,0,0,0,0,0,0,0,181,0,0,0,0,0,0,0,0,0,29,61,0,0,0,86,0,81,91,78,55,169,0,0,0,0,134,0,139,0,0,95,0,135,114,0,0,160,147,106,0,0,3556,447,194,433,433,800,251
"SF11",2020,"soil","A","noGC","MV",33,320,320,0,0,0,0,0,0,0,0,0,0,0,0,0,0,0,0,0,0,0,0,0,0,0,0,0,0,0,0,0,0,0,0,0,0,0,0,0,0,0,0,5,0,0,0,0,0,0,0,0,0,0,0,0,0,0,0,0,0,0,0,0,0,0,0,0,0,0,0,0,0,0,0,0,0,0,0,0,0,0,0,0,0,0,0,0,0,0,0,0,0,0,0,0,0,0,0,0,0,0,0,0,0,17,0,0,0,0,0,0,0,0,0,0,0,0,0,7,0,0,0,0,0,0,0,0,0,17,0,0,0,0,0,0,0,23,0,0,0,0,0,0,0,0,0,0,0,0,0,0,0,0,0,0,0,0,0,0,0,0,0,0,0,0,0,0,0,0,0,0,0,0,0,0,0,0,0,35,0,0,0,0,0,0,0,0,0,0,0,0,0,0,72,0,0,0,0,0,0,0,0,56,0,0,36,0,0,0,0,0,0,0,0,0,0,0,0,0,0,0,0,0,0,0,0,0,0,0,0,0,0,0,0,0,0,0,0,0,0,0,0,0,0,0,0,0,93,0,0,107,0,0,0,0,0,98,0,0,0,0,0,0,73,0,0,0,163,0,0,0,0,0,0,153,138,0,146,0,0,16,0,0,0,0,0,0,0,0,0,0,0,0,0,0,94,0,0,69,0,0,0,0,0,0,0,77,0,61,0,33,0,172,0,128,133,0,131,0,413,0,0,0,0,0,186,137,143,0,0,160,0,0,2799,728,172,113,157,881,289
"SF12",2020,"soil","A","noGC","MV",66,302,302,0,0,0,0,0,0,0,0,0,0,0,0,0,0,0,0,0,0,0,0,0,0,0,0,0,0,0,0,0,0,0,0,0,0,0,0,0,0,0,0,0,0,0,0,6,0,0,0,0,0,0,0,0,0,0,0,0,0,0,0,0,0,0,0,0,0,0,0,0,0,0,0,0,0,0,0,0,0,0,0,0,0,0,0,0,0,0,0,0,0,0,0,0,0,0,0,0,0,0,0,0,0,0,0,0,0,0,0,0,0,0,0,0,0,0,0,0,0,0,0,0,0,0,0,0,0,0,27,0,0,0,0,0,0,0,0,0,0,0,0,0,0,0,0,0,0,0,0,0,0,0,0,0,0,0,0,0,0,0,0,0,0,51,0,0,0,0,0,0,0,0,0,0,0,0,0,0,0,0,0,0,0,0,0,0,0,0,0,0,0,0,0,0,0,0,0,0,30,0,0,0,0,0,0,19,0,0,0,0,0,0,0,0,0,0,0,0,0,0,0,0,0,0,37,0,0,0,22,0,0,0,0,0,0,0,0,0,0,0,0,0,0,0,0,0,0,0,0,0,0,0,0,0,20,0,0,0,46,0,0,0,0,0,0,0,0,0,0,61,0,0,0,0,0,0,0,0,0,0,0,0,0,0,0,0,0,0,0,0,115,60,0,0,0,0,0,0,0,0,47,0,0,0,0,94,0,0,124,62,167,89,0,143,96,0,0,0,0,0,0,0,0,118,74,0,0,132,169,178,89,152,3864,708,180,246,437,328,255
"SF13",2020,"soil","B","GC","LV",0,323,323,0,0,0,0,0,0,0,0,0,0,0,0,0,0,0,0,0,0,0,0,0,0,0,0,0,0,0,0,0,0,0,0,0,0,0,0,0,0,0,0,2,0,0,0,0,0,0,0,0,0,0,0,0,0,0,0,0,0,0,0,0,0,0,0,0,0,0,0,0,0,0,0,0,0,0,0,0,0,0,0,0,0,0,0,0,0,0,0,0,0,0,0,0,0,0,0,0,0,0,0,21,0,0,0,0,0,0,0,7,0,0,0,0,0,0,0,14,0,0,0,0,0,0,0,0,0,0,0,5,0,0,0,0,0,0,0,0,0,0,0,0,0,52,0,0,0,0,0,0,0,0,0,0,0,0,0,0,0,0,0,0,0,24,0,0,0,0,0,33,0,0,0,0,0,0,0,0,0,0,0,0,0,0,0,0,0,0,0,0,0,25,0,0,0,0,0,0,32,0,0,0,38,0,0,0,0,0,0,0,0,0,0,0,0,0,0,0,0,0,0,0,0,0,0,0,0,0,0,0,0,0,0,0,0,0,0,0,0,0,44,0,0,0,0,0,0,0,0,0,0,0,0,0,0,0,0,0,0,0,0,0,0,0,0,0,0,0,0,0,0,0,0,0,0,0,0,0,0,0,0,0,0,45,0,0,0,0,0,0,249,0,0,34,0,0,0,116,0,0,0,105,0,0,0,31,0,33,0,283,0,116,0,0,0,0,0,0,0,88,0,0,0,133,230,0,2,139,189,127,0,0,3272,521,194,178,364,751,218
"SF14",2020,"soil","B","GC","LV",33,274,274,0,0,0,0,0,0,0,0,0,0,0,0,0,0,0,0,0,0,0,0,0,0,0,0,0,0,0,0,0,0,0,0,0,0,0,0,0,0,0,0,0,0,0,0,0,0,0,0,0,0,0,0,0,9,0,0,0,0,0,0,0,0,0,0,0,0,0,0,0,0,0,0,0,0,0,0,0,0,0,0,0,0,0,0,0,0,0,0,0,0,0,0,0,0,0,0,0,0,0,0,0,0,0,0,0,0,0,0,0,0,0,0,0,0,0,0,0,0,0,0,0,0,0,0,0,0,9,0,0,0,0,0,0,0,0,0,0,0,0,51,0,0,0,0,0,0,0,0,0,0,0,0,0,0,0,0,0,0,0,0,0,0,26,0,0,0,0,0,14,0,0,0,0,0,0,0,0,0,0,0,0,0,0,0,0,0,0,0,0,0,0,0,0,0,0,0,0,0,0,0,0,26,0,0,0,0,0,0,0,0,0,0,0,0,0,0,0,0,0,0,0,0,0,0,0,0,0,0,0,0,0,0,0,0,0,0,0,0,0,0,0,0,0,0,0,0,0,0,0,0,0,0,0,0,0,0,0,45,0,56,0,0,0,0,0,0,0,0,0,0,0,0,0,0,0,0,0,0,0,57,0,0,0,0,0,104,0,0,0,145,86,0,0,0,0,0,0,100,109,65,0,0,0,86,107,0,66,147,106,0,55,0,147,0,156,0,0,0,0,0,0,0,169,140,0,0,92,98,225,0,0,3904,798,189,199,540,1120,450
"SF15",2020,"soil","B","GC","LV",66,298,298,0,0,0,0,0,0,0,0,0,0,0,0,0,0,0,0,0,0,0,0,0,0,0,0,0,0,0,0,0,0,0,0,0,0,0,0,0,0,0,0,0,0,0,0,0,0,0,0,0,0,0,0,0,0,0,0,0,0,0,0,0,0,0,0,0,0,0,0,0,0,0,0,0,0,0,0,0,0,0,0,0,0,0,0,0,0,0,0,3,0,0,0,0,0,0,0,0,0,0,0,0,0,0,0,0,0,0,0,0,0,0,0,0,0,0,0,0,0,0,0,0,0,0,0,0,0,0,0,21,0,0,0,0,0,36,0,0,0,0,0,0,0,0,0,0,0,0,0,0,0,0,0,0,0,0,16,0,0,0,0,0,0,14,0,0,0,0,0,0,0,0,0,0,0,0,0,0,0,0,0,0,0,0,0,0,0,0,0,0,0,21,0,0,0,0,0,0,0,0,0,88,0,0,0,0,0,0,0,0,0,0,0,0,0,0,0,0,0,0,0,0,0,0,0,0,0,0,0,0,0,0,0,35,0,0,0,0,0,0,0,0,0,0,0,0,0,0,0,0,0,0,0,0,57,0,0,0,0,0,0,0,13,0,0,0,0,0,0,0,0,0,0,117,0,0,118,0,0,0,61,0,0,0,0,0,0,0,0,0,0,0,0,0,0,0,0,0,0,0,0,69,0,0,0,83,0,0,0,0,0,154,0,78,0,128,0,0,402,0,0,0,0,0,151,114,195,0,0,124,0,0,1286,432,187,0,0,1045,314
"SF16",2020,"soil","B","noGC","LV",0,298,298,0,0,0,0,0,0,0,0,0,0,0,0,0,0,2,2,0,0,0,0,0,0,0,0,0,0,0,0,0,0,0,0,0,4,0,0,0,0,0,0,3,0,0,0,0,0,0,0,0,0,0,0,0,0,0,0,0,0,0,0,0,0,0,0,0,0,0,0,0,0,0,0,10,0,0,0,0,0,11,0,0,0,0,0,0,0,0,0,0,0,0,0,0,0,0,0,0,0,0,0,0,0,0,0,0,0,7,0,0,0,0,0,0,0,0,0,0,0,0,0,0,0,0,0,0,0,0,0,0,0,0,0,0,0,0,0,0,0,0,0,0,0,0,0,0,0,0,0,0,0,0,0,0,0,0,0,0,0,0,0,0,0,0,0,0,0,0,0,0,0,0,0,0,0,0,0,0,0,0,0,0,0,0,0,0,53,0,0,0,0,0,0,0,0,0,0,0,0,0,0,0,0,0,0,0,0,0,0,0,0,0,0,0,0,0,0,0,0,0,70,0,0,0,0,0,0,0,0,0,0,0,0,0,0,91,0,0,0,0,0,0,0,0,0,0,0,0,0,0,0,0,0,141,0,0,0,0,61,0,0,0,0,0,0,0,0,0,0,56,0,0,0,0,0,0,0,102,0,0,0,0,0,101,0,0,130,0,0,0,131,74,0,0,0,0,0,103,129,96,39,0,0,0,63,83,0,0,0,182,0,115,0,144,0,114,112,0,0,0,0,40,0,199,110,0,0,196,132,191,0,111,3676,145,202,244,418,731,438
"SF17",2020,"soil","B","noGC","LV",33,299,299,0,0,0,0,0,0,0,0,0,0,0,0,0,0,0,0,0,0,0,0,0,0,0,0,0,0,0,0,0,0,0,0,0,0,0,0,0,0,0,0,0,0,0,0,0,0,0,0,0,0,0,0,0,0,0,0,0,0,0,0,0,0,0,0,0,0,6,0,0,0,0,0,0,0,0,0,0,0,0,0,0,0,0,0,0,0,0,0,0,0,0,0,0,0,0,0,0,0,12,0,0,0,0,0,0,0,18,0,5,0,0,0,0,0,0,0,0,0,0,0,0,0,0,0,0,0,0,22,0,0,0,0,0,0,0,0,0,5,0,0,0,0,0,0,0,0,0,0,0,0,0,0,0,0,0,0,0,0,0,0,0,0,0,0,0,0,0,0,27,0,0,0,0,0,0,0,0,0,0,0,0,0,0,0,0,0,0,0,0,0,0,0,0,0,0,0,0,0,0,0,0,29,0,48,0,0,0,0,0,0,167,0,0,0,0,0,0,0,0,36,0,0,0,49,0,0,0,0,0,0,0,0,0,0,49,0,0,0,0,0,0,0,0,0,0,0,0,0,0,0,0,0,0,0,0,0,0,0,0,0,0,0,0,0,0,0,0,0,0,0,0,0,0,0,0,0,135,0,0,0,0,0,120,0,0,0,0,0,0,220,153,0,0,0,0,0,136,113,0,66,0,0,149,0,0,0,107,0,348,171,163,0,226,233,222,0,0,0,0,0,0,42,202,0,0,0,178,265,191,0,221,6188,594,272,230,691,953,373
"SF18",2020,"soil","B","noGC","LV",66,302,302,0,0,0,0,0,0,0,0,0,0,0,0,0,0,0,0,0,0,0,0,0,0,0,0,0,0,0,0,0,0,0,0,0,0,0,0,0,0,0,0,2,0,0,0,0,0,0,0,0,0,0,0,0,0,2,0,0,0,0,0,0,0,0,0,0,0,0,0,0,0,0,0,0,0,0,0,0,0,0,0,0,0,0,0,0,0,0,0,0,0,0,0,0,0,0,0,0,0,0,0,0,0,0,0,0,0,0,29,0,0,0,0,0,0,0,0,0,0,19,0,0,0,0,0,0,0,0,0,8,0,0,0,0,0,16,0,0,0,0,0,0,0,0,0,0,0,0,0,0,0,0,0,0,0,0,0,0,0,0,0,0,0,0,0,0,0,0,0,0,0,0,0,0,0,0,0,0,0,0,0,0,0,0,0,0,0,0,0,0,0,0,0,0,0,0,0,0,0,0,0,0,0,0,0,0,0,0,0,0,0,0,0,0,0,0,0,0,0,0,0,0,0,0,0,0,0,0,16,0,0,0,0,0,0,0,0,0,0,0,0,0,0,0,0,0,0,0,0,0,0,0,0,0,0,0,0,0,0,0,0,0,75,0,0,0,0,0,0,0,0,0,0,100,98,0,0,0,0,0,0,0,0,0,0,0,0,0,0,0,0,0,0,0,0,83,0,0,0,0,0,95,0,0,0,85,0,59,0,0,0,151,0,0,0,115,0,0,175,0,0,35,0,0,212,0,102,131,0,87,111,0,2088,462,169,0,0,845,161
"SF19",2020,"soil","B","noGC","MV",0,302,302,0,0,0,0,0,0,0,0,0,0,0,0,0,0,0,0,0,0,0,0,0,0,0,0,0,0,0,0,0,0,0,0,0,0,0,0,0,0,0,0,0,0,0,0,0,0,0,0,0,0,0,0,0,5,0,0,0,0,0,0,0,0,0,0,0,0,0,0,0,0,0,0,0,0,0,0,0,0,7,0,0,0,0,0,0,0,0,0,0,0,0,0,0,0,0,0,0,0,0,0,0,0,0,0,0,0,0,0,0,0,0,0,0,0,0,0,10,0,0,0,0,0,17,0,0,0,0,0,0,0,0,0,0,0,0,0,0,0,0,0,0,0,0,0,0,0,0,0,0,0,0,0,0,0,0,0,0,0,0,0,0,0,12,0,0,0,0,0,0,0,0,0,0,29,0,0,0,0,0,0,0,0,0,0,0,0,0,0,0,0,0,0,0,0,0,0,0,0,0,0,0,0,0,0,0,0,0,0,0,0,0,0,0,0,0,0,0,0,0,0,0,0,0,0,0,0,0,0,0,0,0,0,0,0,0,0,0,0,0,0,0,0,0,0,0,0,0,0,0,0,0,0,0,0,0,0,0,0,0,0,0,0,0,0,0,0,0,0,0,0,0,0,0,0,0,0,81,0,0,0,0,0,64,0,0,105,0,0,0,28,0,0,0,0,0,54,99,138,99,26,0,0,0,0,102,0,87,0,228,0,85,0,146,89,222,0,0,0,0,0,0,0,292,0,51,137,0,345,231,0,49,2845,166,269,72,320,466,135
"SF20",2020,"soil","B","noGC","MV",33,305,305,0,0,0,0,0,0,0,0,0,0,0,0,0,0,0,0,0,2,0,0,0,0,0,0,0,0,0,3,0,0,0,0,0,0,0,0,0,0,0,0,0,0,0,0,0,0,0,0,0,0,0,0,0,3,0,0,0,0,0,0,0,0,0,0,0,0,11,0,0,0,0,0,0,0,0,0,0,0,0,0,0,0,0,0,0,0,0,0,0,0,0,0,0,0,0,22,0,0,24,0,0,0,19,0,0,0,9,0,0,0,0,10,0,0,0,0,0,0,6,0,0,0,0,0,0,0,0,0,0,8,0,0,0,0,0,0,0,0,0,0,0,0,0,0,0,0,0,0,0,0,0,0,0,0,0,0,0,0,0,0,0,0,23,0,0,0,0,0,0,0,26,0,0,0,0,0,0,0,0,0,0,2,0,0,0,0,0,0,0,0,34,0,0,0,0,0,0,0,0,0,0,0,0,33,0,0,0,0,0,0,0,0,0,0,0,0,0,0,0,0,0,0,0,0,0,0,0,0,0,0,0,0,0,0,39,0,0,0,0,0,0,0,0,44,0,0,0,0,0,0,0,0,0,0,0,0,0,0,0,41,0,0,0,0,0,0,0,0,0,0,0,0,0,0,0,0,100,0,0,131,0,0,153,0,0,26,0,0,0,182,64,0,38,200,0,0,140,268,0,60,75,0,0,0,0,0,95,0,98,0,146,0,179,114,71,0,0,0,0,0,0,0,127,257,28,0,0,193,201,0,156,3440,456,221,261,649,478,384
"SF21",2020,"soil","B","noGC","MV",66,308,308,0,0,0,0,0,0,0,0,0,0,0,0,0,0,0,0,0,0,0,0,0,0,0,0,0,0,0,0,0,0,0,0,0,0,0,0,0,0,0,0,0,0,0,0,0,0,0,0,0,0,0,0,0,0,0,0,0,0,0,0,0,0,0,0,0,0,0,0,0,0,0,0,0,0,0,0,0,0,0,0,0,0,0,0,0,0,0,0,0,0,0,0,0,0,0,0,0,0,0,0,0,0,0,0,0,0,0,0,0,0,0,0,0,0,0,0,0,0,0,0,0,0,0,0,0,0,0,0,0,0,0,0,0,0,0,0,0,0,0,0,0,0,0,0,0,0,0,0,0,0,0,0,0,0,0,0,0,0,0,0,0,0,0,0,0,0,0,0,0,0,0,0,0,0,0,0,0,0,0,0,0,0,0,0,0,0,0,0,0,0,0,0,0,0,0,0,0,0,0,0,0,0,0,0,0,0,0,0,0,0,0,0,0,0,0,0,0,0,0,0,0,0,0,0,0,0,0,0,0,0,0,0,13,0,0,0,0,0,0,0,0,0,0,0,0,0,0,0,0,0,0,0,0,0,0,0,0,0,0,0,0,0,0,0,0,0,0,0,0,0,0,0,68,0,0,0,0,0,0,0,0,0,0,0,0,0,0,0,0,0,0,0,0,0,0,0,0,0,0,0,0,0,0,0,44,0,0,0,0,0,0,0,0,93,84,0,0,168,0,0,0,0,0,0,0,131,0,0,109,0,0,205,213,0,0,0,440,0
"SF22",2020,"soil","B","GC","MV",0,298,298,0,0,0,0,0,0,0,0,0,0,0,0,0,0,0,0,0,0,0,0,0,0,0,0,0,0,3,0,0,0,0,0,0,0,0,0,0,0,0,0,3,0,0,0,0,0,0,0,0,0,0,0,0,0,0,0,0,0,0,0,0,0,0,0,0,0,0,0,0,0,0,0,0,0,0,0,0,0,0,0,0,0,0,0,0,0,0,0,0,0,0,0,0,0,0,0,0,0,0,0,0,0,0,0,0,0,0,0,0,0,0,0,0,0,0,0,0,0,0,0,0,0,0,0,0,0,0,21,0,0,0,0,0,0,0,0,0,0,0,34,0,0,0,0,0,0,0,0,0,0,0,0,0,0,0,0,27,0,0,0,0,0,0,0,0,0,0,0,0,0,0,0,0,0,0,0,0,0,0,0,0,0,0,0,0,0,0,0,0,0,0,0,0,0,0,0,0,31,0,0,0,0,0,0,0,0,0,0,0,0,0,0,0,0,0,0,0,0,33,0,0,0,0,0,0,0,0,0,0,0,0,0,0,0,0,0,0,0,0,81,0,0,0,0,0,78,0,0,0,0,0,0,0,0,0,0,0,0,0,0,0,0,0,0,0,0,0,0,0,0,0,0,0,0,0,0,0,0,0,64,0,0,79,0,0,0,0,141,0,140,58,0,48,0,0,0,0,0,90,75,146,0,0,0,94,0,94,0,67,0,218,0,180,0,101,0,0,92,0,0,0,0,0,134,0,0,89,141,140,0,0,3488,494,179,211,380,870,219
"SF23",2020,"soil","B","GC","MV",33,294,294,0,0,0,0,0,0,0,0,0,0,0,0,0,2,0,0,0,0,0,0,0,0,0,0,0,0,0,0,0,0,0,0,0,0,0,0,0,0,0,0,0,0,0,0,0,0,0,0,0,0,0,9,0,0,0,0,0,0,0,0,0,0,0,0,0,0,0,0,3,0,0,0,0,0,0,0,0,0,5,0,0,0,0,0,0,0,0,0,4,0,0,0,0,0,0,0,0,0,0,0,0,0,0,0,0,0,0,0,2,0,0,0,0,0,0,0,0,0,0,0,0,0,0,0,0,0,0,0,0,0,0,0,0,0,0,0,0,0,0,0,0,0,0,0,0,0,56,0,0,0,0,0,0,0,0,0,0,0,0,0,0,0,0,0,0,0,0,0,12,0,0,0,0,0,0,0,0,0,0,0,0,0,0,0,0,0,0,0,0,0,0,0,0,0,0,0,0,28,0,0,0,0,0,0,6,0,0,0,0,0,0,0,0,0,0,0,0,0,0,0,0,0,0,0,0,0,0,0,0,0,0,0,0,0,0,0,0,0,0,0,28,0,0,0,0,0,0,0,0,0,0,0,0,0,0,0,0,0,0,0,0,0,0,0,0,0,0,0,0,0,0,0,0,0,0,86,68,0,0,0,0,0,112,0,0,0,0,0,0,61,0,0,0,0,0,0,0,112,112,78,76,0,0,0,144,0,50,0,42,0,65,0,0,0,0,0,0,0,0,0,0,0,0,0,0,0,0,99,167,0,0,1908,259,136,196,238,696,215
"SF24",2020,"soil","B","GC","MV",66,321,321,0,0,0,0,0,0,0,0,0,0,0,0,0,0,0,0,0,0,0,0,0,0,0,0,0,0,0,0,0,0,0,0,3,0,0,0,0,0,0,0,0,0,0,0,0,0,0,0,0,0,0,0,0,0,0,0,0,0,0,0,0,4,0,0,0,0,14,4,0,0,0,0,0,0,0,0,0,0,0,0,0,0,0,0,0,0,0,0,0,21,0,0,0,0,0,0,0,0,3,0,26,0,27,0,0,0,0,0,0,0,0,0,0,0,0,0,0,0,0,0,0,0,0,0,0,0,0,28,0,0,0,0,0,0,0,0,0,0,0,0,0,0,0,0,0,0,0,0,0,0,0,0,0,0,0,0,0,0,0,0,0,0,25,0,0,0,0,0,0,0,31,0,0,0,0,0,0,0,0,0,0,0,0,0,0,0,0,0,0,0,0,0,0,0,0,0,0,0,0,0,0,0,0,0,0,0,0,0,0,0,0,0,0,0,0,0,0,0,22,0,0,0,0,0,0,0,0,0,42,0,77,0,0,0,0,0,0,0,0,83,28,0,0,0,0,0,0,0,0,0,0,0,0,0,0,0,0,0,0,0,43,0,0,0,0,0,0,0,27,0,0,0,0,0,0,0,0,0,0,0,0,0,0,0,0,0,0,0,0,137,0,0,0,0,0,106,151,106,0,68,121,0,0,0,50,0,40,0,69,0,180,0,216,80,215,0,0,0,104,0,0,0,191,156,0,143,0,186,204,0,74,3759,638,182,188,478,496,201
"SF25",2020,"soil","C","noGC","MV",0,298,298,0,0,0,0,0,0,0,0,0,0,0,0,0,0,0,0,0,0,0,0,0,0,0,0,0,0,0,0,0,0,0,0,0,0,0,0,0,0,0,0,0,0,0,0,0,0,0,0,0,0,0,0,0,0,0,0,0,0,0,0,0,0,0,0,0,0,0,0,0,0,0,0,0,0,0,0,0,0,0,0,0,0,0,0,0,0,0,0,0,0,0,0,0,0,0,0,0,0,0,0,0,0,0,0,0,0,0,0,0,0,0,0,0,0,0,0,0,0,0,0,0,0,0,0,0,0,0,0,0,0,0,0,0,0,0,0,0,0,0,0,0,0,0,0,0,0,8,0,0,0,0,0,0,0,0,0,0,0,37,0,0,0,0,0,0,0,0,0,0,0,15,0,0,44,0,0,0,0,0,0,0,0,0,0,0,0,0,0,0,0,0,65,0,0,0,0,0,0,0,0,0,0,0,33,0,0,0,0,0,0,0,0,0,0,0,0,0,0,0,0,0,0,0,0,0,0,0,0,110,0,0,0,0,0,0,0,0,0,41,0,0,0,0,0,0,0,0,0,0,0,0,0,0,0,58,0,0,0,0,0,0,93,0,0,0,0,0,0,0,0,0,26,0,0,0,0,0,0,0,257,0,0,0,0,0,83,0,0,0,12,0,70,0,0,66,0,45,55,0,0,0,0,0,0,116,0,29,0,0,134,148,0,0,0,0,138,0,391,0,0,0,0,0,214,36,256,0,0,122,0,0,2966,700,181,0,96,1043,340
"SF26",2020,"soil","C","noGC","MV",33,328,328,0,0,0,0,0,0,0,0,0,0,0,0,0,0,0,0,0,0,0,0,0,0,0,0,0,0,0,0,0,0,0,0,0,0,0,0,0,0,0,0,0,0,0,0,0,0,0,0,0,0,0,0,0,4,0,0,0,0,0,0,0,0,0,0,0,0,0,0,0,0,0,0,0,0,0,0,0,0,0,0,0,0,0,0,0,0,0,0,4,0,0,0,0,0,0,0,0,0,0,0,17,0,0,0,0,0,0,0,0,0,0,0,0,0,0,0,0,0,0,0,0,0,0,0,0,0,0,0,0,0,0,0,0,0,0,0,0,0,0,0,0,0,0,0,0,0,0,0,0,0,0,0,0,0,0,0,0,0,0,0,0,69,0,0,0,0,0,0,0,0,0,74,0,0,0,0,0,0,0,0,0,0,0,39,0,0,0,0,0,0,0,0,0,0,0,0,0,0,0,0,0,0,0,0,0,0,0,0,0,0,0,0,0,0,0,0,0,0,0,0,0,0,0,0,0,0,0,53,0,0,0,0,0,0,72,0,22,0,0,108,20,0,0,0,56,0,0,0,0,0,0,0,0,0,0,0,0,0,0,0,0,0,0,0,0,0,0,0,0,0,0,0,0,0,0,24,0,0,0,0,0,0,90,0,0,107,0,0,0,178,52,0,0,0,0,0,80,0,0,52,0,0,0,0,147,0,0,115,140,0,119,0,162,0,108,0,0,0,0,0,0,0,182,0,0,0,164,217,178,0,225,3705,524,199,274,588,486,240
"SF27",2020,"soil","C","noGC","MV",66,289,289,0,0,0,0,0,0,0,0,0,0,0,0,0,0,0,0,0,0,0,0,0,0,0,0,0,0,0,0,0,0,0,0,0,0,0,0,0,0,0,0,0,0,0,0,0,0,0,0,0,0,0,0,0,0,0,0,0,0,0,0,0,0,0,0,0,0,0,0,0,0,0,0,0,0,0,0,0,0,0,0,0,0,0,0,0,0,0,0,0,0,0,0,0,0,0,0,0,0,20,0,0,0,0,0,0,0,0,0,0,0,0,11,0,0,0,0,0,0,0,0,0,0,0,0,0,0,0,0,0,0,0,0,0,0,0,0,0,0,0,0,0,0,0,0,0,0,0,0,0,0,0,0,0,0,0,0,0,0,0,0,0,0,33,0,0,0,0,0,0,0,28,0,0,0,0,0,0,0,0,0,55,0,0,0,0,0,0,0,0,0,19,0,0,0,0,0,0,0,0,0,0,0,0,0,0,0,0,0,25,54,0,0,0,0,0,0,0,0,0,23,0,0,0,0,0,107,0,0,0,0,0,0,0,0,53,0,0,0,0,94,0,0,0,0,0,65,0,0,0,0,0,0,0,0,0,0,0,42,0,0,54,0,0,0,0,0,0,0,0,0,0,0,0,0,0,0,58,0,0,0,0,0,41,22,0,0,0,0,0,76,69,0,0,0,0,0,0,91,0,62,153,0,164,0,195,0,107,0,213,42,76,0,168,59,260,0,0,0,0,0,0,0,196,0,0,0,127,165,223,0,236,4020,455,214,239,482,705,402
"SF28",2020,"soil","C","GC","MV",0,304,304,0,0,0,0,0,0,0,0,0,0,0,0,0,0,0,0,0,0,0,0,0,0,0,0,0,0,0,0,0,0,0,0,0,0,0,0,0,0,0,0,0,0,0,0,0,0,0,0,0,0,0,0,0,0,0,0,0,0,0,0,0,0,10,0,0,0,0,0,0,0,0,0,0,0,0,0,0,9,0,0,0,0,0,0,0,0,12,0,0,0,0,0,0,0,0,0,0,0,0,0,0,0,0,0,0,0,0,0,0,0,0,0,0,0,0,0,0,0,0,0,0,0,39,0,0,0,0,0,0,16,0,0,0,0,0,0,0,0,0,0,0,0,0,0,0,0,0,0,0,0,0,0,0,0,0,0,0,0,0,0,0,0,0,0,0,0,0,0,0,0,34,0,0,0,0,0,0,0,0,0,0,0,0,0,0,0,0,2,0,0,0,0,0,0,0,0,0,3,0,0,37,0,0,18,0,83,0,0,0,0,0,0,0,0,0,0,0,0,0,0,29,0,0,0,0,0,0,0,0,0,0,0,20,0,0,0,29,0,40,0,0,0,0,0,131,0,0,0,0,0,0,0,0,0,83,0,0,0,0,0,0,0,0,0,99,0,0,0,0,0,0,0,98,0,0,60,0,0,0,46,0,0,72,0,0,0,0,0,0,0,0,0,0,62,0,0,0,0,0,0,0,0,0,0,108,0,66,0,0,0,131,0,0,0,127,0,0,340,0,0,0,0,0,175,151,108,0,0,0,0,0,4151,702,185,0,254,769,319
"SF29",2020,"soil","C","GC","MV",33,326,326,0,0,0,0,0,0,0,0,0,0,0,0,0,0,0,0,0,0,0,0,0,0,0,0,0,0,0,0,0,0,0,0,0,0,0,0,0,0,0,0,0,0,0,0,0,0,0,0,0,0,6,0,0,0,0,0,0,0,0,0,0,0,0,0,0,0,0,0,0,0,15,0,0,0,0,0,0,0,0,0,0,0,0,0,0,0,0,0,0,0,0,0,0,0,0,0,0,0,0,0,0,0,0,0,0,0,0,0,0,0,0,0,0,0,0,0,0,0,0,0,0,0,12,0,0,0,0,0,0,0,0,0,0,0,0,0,0,9,0,0,0,0,0,0,0,0,0,0,0,0,0,0,0,0,0,0,0,0,0,0,0,0,0,0,0,0,0,0,0,0,0,0,0,0,0,0,0,0,0,0,0,0,0,0,0,0,81,86,0,0,0,0,0,0,0,0,0,0,0,0,0,0,0,0,0,0,0,0,0,0,0,0,0,0,0,0,0,0,0,60,0,0,0,0,0,0,0,0,0,0,0,0,0,0,0,0,57,0,0,0,0,0,0,0,0,0,0,0,0,0,0,0,0,0,0,0,0,31,0,0,43,0,0,0,0,99,0,0,0,0,0,0,0,64,0,0,93,0,0,63,0,0,89,0,0,0,0,0,0,57,0,0,0,0,0,140,144,0,0,38,134,0,0,0,65,0,0,0,126,0,41,0,0,0,169,0,0,27,0,0,0,0,94,83,0,0,0,128,166,0,407,3706,647,151,351,399,653,324
"SF30",2020,"soil","C","GC","MV",66,315,315,0,0,0,0,0,0,0,0,0,0,0,0,0,0,0,0,0,0,0,0,0,0,0,0,0,0,0,0,0,0,0,0,0,0,0,0,0,0,0,0,0,0,0,0,0,0,0,0,0,0,0,0,0,6,0,0,0,0,0,0,0,0,0,0,0,0,0,0,0,0,0,0,0,0,0,0,0,0,0,0,0,0,0,0,0,0,0,0,0,0,0,0,0,0,0,0,0,0,0,0,0,0,22,0,0,0,29,0,6,0,0,0,0,0,0,0,0,0,0,0,0,0,0,0,0,0,0,0,0,0,0,0,0,0,0,0,0,0,0,0,0,0,0,0,0,0,0,0,0,0,0,0,0,0,0,0,0,0,0,0,0,0,28,15,0,0,0,0,26,0,0,0,0,0,0,0,0,0,0,0,0,0,0,0,0,0,0,0,0,0,0,0,0,0,0,0,0,0,0,0,0,0,0,34,0,0,0,0,0,58,0,0,0,0,0,0,0,0,0,0,0,0,0,56,0,0,0,0,0,0,0,0,0,0,69,0,79,0,0,0,0,0,0,0,0,0,0,0,0,0,0,0,0,0,0,0,0,49,0,0,0,0,0,0,0,0,0,0,0,0,0,0,0,0,51,6,0,0,0,52,0,0,143,0,0,114,0,0,0,231,0,0,0,0,0,76,120,199,0,56,0,0,82,0,204,0,0,111,99,0,111,0,228,73,58,0,0,0,0,0,0,0,221,157,0,0,0,226,151,0,243,4074,493,0,378,547,541,379
"SF31",2020,"soil","C","noGC","LV",0,300,300,0,0,0,0,0,0,0,0,0,0,0,0,0,0,0,0,0,0,0,0,0,0,0,0,0,0,0,0,0,0,0,0,0,0,0,0,0,0,0,0,0,0,0,0,0,0,0,0,0,0,0,0,0,0,0,0,0,0,0,0,0,0,0,0,0,0,0,0,0,0,0,0,0,0,0,0,0,0,0,0,0,0,0,0,0,0,0,0,0,0,0,0,0,0,0,0,0,0,0,0,0,0,0,0,0,0,0,0,0,0,0,0,0,0,0,0,0,0,0,0,0,0,0,0,0,0,0,0,0,0,0,0,0,0,18,0,0,0,0,0,0,0,0,0,0,0,0,0,0,0,0,0,0,0,0,0,0,0,0,0,0,0,0,0,0,0,0,0,0,0,0,0,0,0,0,0,0,0,0,0,0,0,0,0,0,0,0,0,0,0,0,0,0,0,0,0,0,0,0,0,30,0,0,0,0,0,0,0,0,26,0,0,0,0,0,0,0,0,0,0,0,0,0,0,0,0,0,0,0,0,0,0,0,0,0,0,0,0,53,0,0,0,0,0,0,0,0,0,52,0,0,0,0,0,81,0,0,0,0,0,0,109,0,0,0,0,0,0,12,0,0,0,60,0,0,0,0,0,0,47,0,0,0,0,0,0,0,0,0,0,0,0,0,107,0,0,0,0,0,0,0,0,0,0,52,0,0,0,0,0,104,0,107,0,155,0,0,322,0,0,0,0,0,213,141,245,0,0,83,0,0,1735,216,0,0,43,654,140
"SF32",2020,"soil","C","noGC","LV",33,314,314,0,0,0,0,0,0,0,0,0,0,0,0,0,0,0,0,0,0,0,0,0,0,0,0,0,0,0,0,0,0,0,0,0,0,0,0,0,0,0,0,0,0,0,0,0,0,0,0,0,0,0,0,0,6,0,0,0,0,0,0,0,0,0,0,0,0,0,0,0,0,0,0,0,0,0,0,0,0,0,0,0,0,0,0,0,0,0,0,0,0,0,0,0,0,0,0,0,0,0,0,0,0,0,0,0,0,0,0,0,0,0,0,0,0,18,0,0,0,0,0,0,0,0,0,0,0,0,0,0,0,0,0,0,0,0,0,0,22,0,0,0,0,0,0,0,0,0,0,0,0,0,0,0,0,0,0,0,0,0,0,0,0,19,8,0,0,0,0,35,0,0,0,0,0,0,0,0,0,0,0,0,0,0,0,0,0,0,0,0,0,0,0,0,0,0,0,0,0,0,0,0,0,0,0,0,0,0,0,0,0,0,0,0,0,0,0,0,0,0,0,0,0,0,0,0,0,0,0,0,0,0,2,0,0,35,0,0,0,0,0,0,0,0,0,0,0,0,0,0,0,0,0,0,0,0,0,0,0,0,0,0,38,0,0,0,0,0,0,0,0,0,0,0,0,0,0,0,0,0,0,0,0,0,0,0,0,0,0,0,37,0,0,0,181,0,169,0,203,74,0,0,0,0,52,63,0,0,0,0,0,69,0,0,36,94,0,0,0,0,0,0,0,125,0,0,0,150,159,71,0,0,3078,285,172,193,229,447,116
"SF33",2020,"soil","C","noGC","LV",66,309,309,0,0,0,0,0,0,0,0,0,0,0,0,0,0,0,0,0,0,0,0,0,0,0,0,0,0,0,0,0,0,0,0,0,0,0,0,0,0,0,0,0,0,0,0,0,0,0,0,0,0,0,0,0,0,0,0,0,0,0,0,0,0,0,0,0,0,0,0,0,0,0,0,0,0,0,4,0,2,0,0,0,0,0,0,0,0,0,0,0,0,0,0,0,0,0,0,0,0,0,0,0,0,0,0,0,0,0,0,0,0,0,0,0,0,0,12,0,0,0,0,0,0,16,0,0,0,0,0,0,0,0,0,0,0,0,0,0,0,0,0,0,0,0,0,0,0,0,0,0,0,0,0,0,0,0,0,0,0,0,0,0,0,0,0,0,0,0,0,0,0,17,0,0,0,0,0,0,0,0,0,0,0,0,0,0,0,0,0,0,0,0,0,0,0,0,0,0,0,0,0,0,0,0,0,0,0,0,0,0,0,0,0,0,0,0,0,0,0,0,0,0,0,0,0,0,0,0,0,0,0,0,0,0,0,32,0,0,0,0,0,0,0,0,0,0,0,0,0,0,0,0,0,0,0,0,0,0,24,0,0,0,0,0,0,0,0,0,0,0,0,0,0,0,0,0,0,0,0,0,0,0,0,88,0,0,0,0,156,0,0,0,0,0,146,0,164,114,0,0,0,0,0,0,0,0,0,90,0,110,103,94,0,102,81,82,0,0,31,72,0,0,0,153,151,0,139,251,0,289,0,152,2920,448,179,247,351,506,215
"SF34",2020,"soil","C","GC","LV",0,293,293,0,0,0,0,0,0,0,0,0,0,0,0,0,0,0,0,0,0,0,0,0,0,0,0,0,0,0,0,0,0,0,0,0,0,0,0,0,0,0,0,0,0,0,0,0,0,0,0,0,0,0,0,0,0,0,0,0,0,0,0,0,0,0,0,0,0,0,0,0,0,0,0,0,0,0,0,0,0,0,0,0,0,0,0,18,0,0,0,0,0,0,0,0,0,0,0,0,0,0,0,0,0,0,0,0,0,0,10,0,0,0,0,0,21,0,0,0,0,0,0,0,0,0,0,0,0,0,0,10,0,0,0,0,0,0,0,0,19,0,0,0,0,0,0,0,0,0,0,0,0,0,0,0,0,0,0,2,0,0,0,0,0,0,0,0,0,0,72,0,0,0,0,0,0,0,0,0,0,0,0,0,0,0,0,0,0,0,0,0,0,0,31,0,0,0,0,0,5,0,0,0,0,0,30,0,0,0,0,87,0,0,0,0,0,0,0,0,0,0,0,0,0,0,0,0,0,0,0,0,0,0,0,0,0,0,0,0,0,0,0,0,0,0,0,0,0,0,0,0,0,0,0,0,0,0,0,0,0,0,0,0,0,0,0,60,108,0,0,0,0,0,0,94,0,0,111,0,0,0,0,0,0,0,0,0,0,0,93,0,0,0,0,48,0,73,0,95,0,0,0,2,194,0,0,84,0,0,0,0,0,94,0,115,0,0,106,0,245,0,0,70,0,0,126,96,92,0,0,119,0,0,2330,757,174,129,0,715,218
"SF35",2020,"soil","C","GC","LV",33,306,306,0,0,0,0,0,0,0,0,0,0,0,0,0,0,0,0,0,0,0,0,0,0,0,0,0,0,0,0,0,0,0,0,0,0,0,0,0,0,0,0,0,0,0,0,0,0,0,0,0,0,0,0,0,0,0,0,0,0,0,0,0,0,0,0,0,0,0,0,0,0,0,0,0,0,0,0,0,0,0,0,0,0,0,0,0,0,0,0,0,0,0,0,0,0,0,0,0,0,0,0,0,0,0,0,0,0,0,0,0,0,0,0,0,0,0,0,35,0,0,0,0,0,0,0,0,0,0,0,12,0,0,0,0,0,0,0,0,0,0,0,0,0,0,0,0,0,0,0,0,0,0,0,0,0,0,0,0,0,0,0,0,0,0,0,0,0,0,0,0,0,0,0,0,76,0,0,0,0,0,0,0,0,0,0,0,0,0,0,0,0,0,56,0,0,0,0,0,8,0,0,0,0,0,0,0,69,0,0,15,0,0,0,0,0,0,0,0,0,0,0,0,0,0,0,0,0,0,0,70,0,0,0,0,0,0,0,0,0,0,0,0,0,0,0,0,0,0,0,0,0,0,0,0,0,0,0,0,0,0,0,0,64,0,0,0,0,0,0,0,0,0,0,67,0,0,0,0,0,0,0,0,0,0,0,0,0,0,0,0,0,0,0,30,0,52,0,0,0,0,0,0,0,0,0,107,0,0,0,0,0,90,0,0,0,112,6,0,386,0,0,0,0,0,168,74,123,0,0,75,0,0,2819,669,0,0,42,861,214
"SF36",2020,"soil","C","GC","LV",66,289,289,0,0,0,0,0,0,0,0,0,0,0,0,0,0,0,0,0,0,0,0,0,0,0,0,0,0,0,0,0,0,0,0,4,0,0,0,0,0,0,0,0,0,0,0,0,0,7,0,0,0,0,0,0,0,0,0,0,0,0,0,0,0,0,0,0,0,0,0,0,0,0,0,0,0,0,0,0,3,0,0,0,0,0,0,0,0,0,0,0,0,0,0,0,0,0,0,0,0,17,0,0,0,0,0,0,0,0,0,0,0,0,0,0,0,0,0,0,0,0,0,0,0,0,0,0,0,0,0,0,0,0,0,0,0,0,0,0,4,0,0,0,0,0,0,0,0,0,0,0,0,0,0,0,0,0,0,0,0,0,0,0,0,23,0,0,0,0,0,0,0,0,0,0,0,0,0,0,0,0,0,0,0,0,0,0,0,0,0,0,0,24,0,0,0,0,0,0,0,0,0,0,0,0,0,0,16,0,0,0,0,0,0,0,0,0,0,0,0,0,0,0,0,0,0,0,93,0,0,0,0,0,0,0,0,0,0,0,0,0,0,17,0,0,0,0,0,0,0,0,0,0,0,0,0,0,0,0,0,0,0,0,0,0,0,63,0,0,0,0,0,0,0,0,0,0,4,100,0,0,82,0,0,39,0,0,71,0,0,0,50,0,0,0,274,0,0,0,0,0,0,191,0,0,0,80,0,0,0,74,0,176,0,134,52,126,0,0,0,0,0,0,0,162,118,0,0,272,156,213,0,108,3009,276,236,305,412,427,279
"SF37",2020,"soil","D","GC","LV",0,321,321,0,0,0,0,0,0,0,0,0,0,0,0,2,0,0,0,0,0,0,0,0,0,0,0,0,0,0,0,0,0,0,0,0,0,0,0,0,0,0,0,4,0,0,0,0,0,0,0,0,0,0,0,0,0,0,0,0,0,0,0,0,0,0,0,0,0,0,0,0,0,0,0,0,0,0,0,0,0,0,0,0,0,0,0,0,0,0,0,0,0,0,0,0,0,0,0,0,0,0,0,0,0,0,0,0,0,0,0,0,0,0,0,0,0,0,0,0,0,0,0,0,0,15,0,0,0,0,0,0,0,0,0,0,0,0,0,0,0,0,0,0,0,0,0,0,0,0,0,0,0,0,0,0,0,0,0,0,0,0,0,0,0,0,0,0,0,0,0,0,0,0,0,0,0,0,0,0,0,0,0,0,0,0,0,0,0,0,0,0,0,0,0,0,0,0,0,0,18,0,0,0,0,0,0,0,0,0,0,7,0,0,0,0,0,0,0,0,0,0,0,0,0,0,0,0,0,0,0,0,0,0,0,0,0,0,0,0,0,0,0,0,0,0,0,0,0,0,0,0,0,0,0,0,0,0,0,0,0,0,0,0,0,0,0,0,0,0,0,0,0,0,0,0,0,0,0,0,0,0,0,0,0,134,0,0,55,0,0,0,29,57,0,0,0,0,102,80,0,0,51,0,0,0,0,48,0,0,0,0,39,141,0,133,0,80,0,0,0,0,0,0,0,96,0,0,0,0,0,155,0,0,1615,183,159,389,352,577,235
"SF38",2020,"soil","D","GC","LV",33,318,318,0,0,0,0,0,0,0,0,0,0,0,0,0,0,0,0,0,0,0,0,0,0,0,0,0,0,0,0,0,0,0,0,0,0,0,0,0,0,0,0,0,0,0,0,0,0,0,0,0,0,0,0,0,0,0,0,0,0,0,0,0,0,0,0,0,14,0,0,0,0,0,0,0,0,8,3,0,0,0,0,0,17,0,0,0,0,0,0,0,0,0,0,0,0,22,0,0,0,6,0,0,0,0,0,0,0,0,0,0,0,0,0,0,0,0,0,0,0,0,0,0,0,0,0,0,0,5,0,0,0,0,0,0,0,0,0,0,0,0,0,0,0,0,0,0,0,0,0,0,0,0,0,0,0,0,0,0,0,0,0,0,0,0,0,0,0,0,0,0,0,0,0,0,0,0,0,0,0,0,0,0,0,0,0,0,0,0,0,0,0,0,0,0,0,0,0,0,0,0,0,0,0,0,0,0,48,0,0,12,0,0,0,0,0,0,0,0,0,0,0,0,0,0,0,0,0,0,0,52,0,0,0,0,0,0,0,0,0,0,0,0,0,0,0,0,0,0,0,0,0,0,0,0,0,0,0,0,0,0,0,0,77,0,0,66,0,0,0,0,0,0,0,118,0,0,0,0,0,0,0,0,0,0,0,0,0,0,0,0,0,0,0,0,0,0,0,0,0,0,0,75,0,0,0,81,0,0,0,0,0,149,0,0,0,125,0,0,125,0,0,0,0,0,180,0,164,0,0,121,0,0,2640,372,160,0,59,848,206
"SF39",2020,"soil","D","GC","LV",66,307,307,0,0,0,0,0,0,0,0,0,0,0,0,0,0,0,0,0,0,0,0,0,0,0,0,0,0,0,0,0,0,0,0,0,0,0,0,0,0,0,0,0,0,0,6,0,0,0,0,0,0,9,0,0,0,0,0,0,0,12,0,0,0,0,0,14,0,0,0,0,0,0,0,0,0,0,0,16,0,0,0,17,0,0,0,14,19,0,0,0,7,0,0,0,22,0,0,0,0,10,0,0,0,0,0,0,0,0,0,0,0,0,22,0,0,0,0,0,0,0,0,0,0,0,0,0,0,0,0,0,0,0,0,0,0,0,0,0,0,0,0,0,0,0,0,4,0,0,0,0,0,0,0,0,0,0,0,11,0,0,0,0,0,40,0,0,0,0,0,0,0,0,0,0,0,0,0,0,0,0,0,0,69,0,47,0,0,0,0,0,0,0,0,0,0,0,0,0,0,0,0,0,12,0,0,0,0,0,0,0,0,0,0,0,0,0,0,0,0,0,103,0,0,105,0,0,0,0,0,0,0,0,0,0,0,106,0,67,0,0,113,0,0,0,0,0,0,0,0,0,0,0,0,50,19,0,0,0,0,0,58,0,0,0,0,0,0,0,0,0,0,0,0,0,44,0,0,39,0,0,88,0,0,127,0,0,88,0,0,0,83,45,0,0,91,0,0,108,115,0,0,0,0,0,44,92,0,148,0,81,114,68,0,0,79,124,0,0,188,0,0,0,0,164,190,0,55,32,144,149,0,173,4699,384,0,186,458,1147,339
"SF40",2020,"soil","D","noGC","LV",0,291,291,0,0,0,0,0,0,0,0,0,0,0,0,0,0,0,0,0,0,0,0,0,0,0,0,0,0,0,0,0,0,0,0,0,0,0,0,0,0,0,0,0,0,0,0,0,0,0,0,0,0,0,0,0,0,0,0,0,0,0,0,0,0,0,0,0,0,0,0,0,0,0,0,0,0,0,0,0,0,0,0,0,0,0,0,0,0,0,0,0,0,0,0,0,0,0,0,0,0,0,0,9,0,0,4,0,0,0,0,0,0,0,0,0,0,0,0,0,0,0,0,0,0,0,0,0,0,0,0,6,0,0,0,0,0,0,0,0,0,0,0,0,0,0,0,0,0,0,0,0,0,0,0,0,0,0,0,0,0,0,0,0,0,29,0,0,0,0,0,0,0,0,38,0,0,0,0,0,0,7,0,0,0,0,0,0,0,0,0,0,0,0,0,0,0,0,0,0,0,0,0,0,0,0,0,0,0,0,0,0,0,0,0,0,0,0,0,0,0,0,0,0,0,47,0,0,0,0,0,0,0,0,0,0,0,0,0,0,0,0,0,0,0,0,0,0,0,0,0,0,0,0,0,0,0,0,0,0,45,0,0,0,0,0,0,0,0,0,0,0,0,0,0,0,0,0,0,0,0,0,0,158,0,136,0,0,0,0,0,0,65,0,0,0,0,0,143,0,0,0,40,93,0,0,0,0,0,108,128,66,96,74,0,136,131,122,0,0,61,0,0,0,0,130,257,0,139,0,175,0,0,0,3022,296,0,286,439,636,236
"SF41",2020,"soil","D","noGC","LV",33,310,310,0,0,0,0,0,0,0,0,0,0,0,0,0,0,0,0,0,0,0,0,0,0,0,0,0,0,0,0,0,0,0,0,0,0,0,0,0,0,0,0,2,0,0,0,0,0,0,0,0,0,0,0,0,0,0,0,0,0,0,0,0,0,0,0,0,0,0,0,0,0,0,0,0,0,0,0,0,16,0,0,0,0,0,0,0,0,20,0,0,0,0,0,0,0,0,0,0,0,0,0,0,0,0,0,0,0,8,15,0,0,0,0,0,0,0,0,0,0,0,0,0,0,0,0,0,0,0,0,7,0,0,0,0,0,0,0,0,0,0,0,0,0,0,0,0,0,0,0,0,0,0,0,0,0,0,0,0,0,0,0,0,0,0,0,0,0,0,0,0,0,0,0,0,63,0,0,0,0,0,0,0,0,0,0,0,0,0,0,0,0,34,0,0,0,0,0,0,0,0,0,0,0,0,0,0,0,0,0,18,36,0,0,0,0,0,0,0,0,0,0,0,0,0,0,0,0,0,0,0,0,0,0,0,0,0,0,0,0,0,0,0,0,0,0,0,0,0,0,36,0,0,0,0,0,60,0,0,0,0,0,0,89,0,0,142,0,0,0,0,0,0,0,58,96,0,0,0,0,0,0,0,0,0,0,0,0,0,0,0,0,0,0,0,76,178,0,0,0,0,0,0,0,0,0,87,0,50,0,0,0,159,0,0,0,131,0,0,248,0,0,0,0,0,298,0,83,0,0,61,0,0,3143,307,0,0,179,1144,235
"SF42",2020,"soil","D","noGC","LV",66,328,328,0,0,0,0,0,0,0,0,0,0,0,0,0,0,0,0,0,0,0,0,0,0,0,0,0,2,0,0,0,0,0,0,0,0,0,0,0,0,0,0,0,0,0,0,0,0,0,0,0,0,0,0,0,0,0,0,0,0,0,0,0,0,0,0,0,0,0,0,0,0,0,0,0,0,0,0,0,0,0,0,0,0,0,0,0,0,0,0,0,0,0,0,0,0,0,0,0,0,4,0,0,0,0,0,0,0,0,0,0,0,0,0,0,5,0,0,0,0,0,0,0,0,0,0,0,0,0,0,0,0,0,0,0,0,0,0,0,0,0,0,0,0,0,0,0,0,0,0,33,0,0,0,0,0,0,0,0,0,0,0,0,0,0,0,0,0,0,0,0,0,0,0,0,0,0,0,0,0,0,0,0,0,0,0,0,0,0,31,0,0,0,0,0,0,0,0,0,0,0,0,0,0,0,0,0,0,0,0,25,0,0,0,0,0,0,0,0,0,0,0,0,0,0,0,0,0,0,0,0,0,0,0,0,0,23,0,0,0,0,0,12,0,0,0,0,0,0,0,0,0,0,0,0,0,0,0,0,0,0,0,0,0,0,0,0,0,0,0,0,0,0,0,0,37,0,0,0,0,0,35,0,0,0,0,0,0,0,109,0,58,76,0,0,147,0,0,0,0,0,0,0,0,0,0,0,0,128,0,58,102,64,0,0,102,202,0,0,0,0,0,0,0,115,0,0,0,0,132,115,0,152,3241,77,196,281,294,465,273
"SF43",2020,"soil","D","noGC","MV",0,306,306,0,0,0,0,0,0,0,0,0,0,0,0,0,0,0,0,0,0,0,0,0,0,0,0,0,0,0,0,0,0,0,0,0,0,0,0,0,0,0,0,0,0,0,0,0,0,0,0,0,0,0,0,0,0,0,0,0,0,0,0,0,0,0,0,0,0,0,0,0,0,0,0,0,0,4,0,0,0,0,0,0,0,0,18,0,0,0,0,0,0,0,0,0,0,0,0,0,0,6,0,0,0,0,0,0,0,0,0,0,0,0,0,0,0,0,0,0,8,0,0,0,0,30,0,0,0,0,0,0,0,0,0,0,0,0,0,0,0,0,0,0,0,0,0,0,0,0,0,0,0,0,0,0,0,0,0,0,0,0,0,0,0,13,0,0,0,0,0,0,0,0,0,0,0,0,0,0,0,0,0,0,0,0,0,0,0,0,0,0,0,0,0,0,0,0,0,0,0,0,0,0,0,0,0,0,0,0,0,0,0,0,0,0,0,0,0,0,0,0,0,0,0,0,0,0,0,0,20,0,0,0,0,30,0,0,0,0,0,0,0,0,0,0,0,0,0,0,0,0,0,0,0,0,0,0,0,0,0,0,101,0,0,0,0,0,0,0,0,0,0,0,20,0,0,0,0,59,0,0,54,95,0,0,0,0,0,0,214,2,154,0,0,0,0,0,0,0,103,88,63,285,0,0,0,0,0,93,159,128,275,135,0,228,179,181,0,0,0,0,0,80,0,0,196,0,124,71,206,213,0,0,3552,197,309,222,327,651,353
"SF44",2020,"soil","D","noGC","MV",33,333,333,0,0,0,0,0,0,0,0,0,0,0,0,0,0,0,0,0,0,0,0,0,0,0,0,0,3,0,0,0,0,0,0,0,0,0,0,0,0,0,0,0,0,0,0,0,0,0,0,0,0,0,0,0,0,10,0,0,0,0,0,0,0,0,0,0,0,0,0,0,0,0,0,0,0,0,0,0,0,0,0,0,0,0,0,0,0,0,0,8,0,0,0,0,0,0,0,0,0,0,0,0,0,0,0,0,0,0,25,0,0,0,0,0,0,0,0,0,0,14,0,0,0,0,0,0,0,17,0,0,0,0,0,31,0,0,0,0,0,0,0,0,0,0,0,0,8,0,0,0,0,0,0,0,0,0,0,0,0,0,0,0,0,0,0,0,0,0,0,0,0,38,0,0,0,0,0,31,0,4,0,0,0,0,0,0,0,0,0,0,0,0,0,0,0,0,37,0,0,0,0,0,0,0,0,0,0,0,0,10,0,0,0,0,0,0,0,0,0,0,0,0,0,0,0,0,0,0,0,0,0,0,0,34,0,0,0,0,0,0,0,19,0,0,0,134,0,0,0,0,0,0,0,0,0,0,0,0,26,0,0,0,0,0,0,35,82,0,0,0,0,0,0,0,0,0,63,0,0,0,0,0,0,0,95,0,0,0,0,0,2,0,99,70,0,0,0,0,0,0,0,0,0,0,0,52,103,0,0,38,0,73,138,67,0,32,92,0,52,0,0,163,280,0,156,128,179,0,0,120,200,120,1208,240,178,0,339,431,474
"SF45",2020,"soil","D","noGC","MV",66,304,304,0,0,0,0,0,0,0,0,0,0,0,0,0,0,0,0,0,0,0,0,0,0,0,0,0,0,0,0,0,0,0,0,0,0,0,0,0,0,0,0,0,0,0,0,0,0,0,0,0,0,0,0,0,0,0,0,0,0,0,0,0,0,0,0,0,0,0,0,0,0,0,0,0,0,0,0,0,0,0,0,0,0,0,0,0,0,0,0,0,15,0,0,0,0,0,0,0,0,15,0,0,0,0,0,0,0,0,0,0,0,0,0,0,0,13,0,0,0,0,0,0,0,10,0,0,0,0,15,0,0,0,0,0,0,0,0,0,0,0,0,0,0,0,0,0,0,0,0,0,0,0,0,0,0,0,0,0,0,0,0,0,0,0,0,0,0,0,0,0,0,0,0,0,0,0,0,0,0,0,0,0,0,0,0,0,0,86,0,0,0,0,0,0,0,0,0,0,0,0,0,0,0,0,0,0,0,0,0,0,0,0,0,0,0,0,0,0,0,0,0,31,0,0,0,0,0,0,23,19,0,0,0,0,120,108,0,0,0,0,0,0,0,0,34,0,0,0,0,0,0,0,0,0,0,0,0,0,24,0,0,0,0,0,0,0,0,0,0,77,36,0,0,0,0,0,0,62,0,0,0,0,0,37,0,0,0,0,0,0,124,86,0,0,0,0,0,69,81,0,0,53,0,0,0,11,0,32,0,92,65,69,0,187,70,113,0,0,0,0,0,0,0,126,160,0,0,0,162,165,0,0,2521,470,198,0,365,694,214
"SF46",2020,"soil","D","GC","MV",0,328,328,0,0,0,0,0,0,0,0,0,0,0,0,0,0,0,0,0,0,0,0,0,0,0,0,0,0,0,0,0,0,0,0,0,0,0,0,0,0,0,0,0,0,0,0,0,0,0,0,0,0,0,0,0,0,0,0,0,0,0,0,0,0,0,0,0,0,0,0,0,0,0,0,0,0,3,0,0,0,0,0,0,0,0,0,0,0,0,0,0,0,0,0,0,0,0,0,0,0,0,0,0,0,0,0,0,0,0,0,0,0,0,0,0,0,0,0,0,0,0,0,0,0,0,0,0,0,0,0,7,0,0,0,0,0,0,0,0,0,0,0,0,0,0,0,0,0,0,0,0,0,0,0,0,0,0,0,12,0,0,0,0,0,0,0,0,0,0,0,0,0,0,0,0,0,0,0,0,0,0,0,0,0,0,0,0,0,0,0,0,0,0,0,0,0,0,0,0,0,0,0,0,0,32,0,0,0,0,0,46,0,0,0,0,0,0,0,0,0,31,0,0,0,0,0,0,0,0,0,0,0,0,0,0,0,0,0,0,0,0,0,0,0,0,0,0,0,0,32,0,0,0,47,0,0,0,0,0,0,0,0,51,0,0,0,0,0,0,0,0,0,0,0,0,0,0,0,0,0,0,0,114,0,0,0,0,0,0,0,0,0,91,123,49,0,0,0,0,105,0,0,0,0,0,0,34,0,0,0,0,0,48,55,121,0,0,0,0,0,380,258,55,136,0,135,0,0,0,91,0,164,146,1062,257,196,199,160,385,230
"SF47",2020,"soil","D","GC","MV",33,284,284,0,0,0,0,0,0,0,0,0,0,0,0,0,0,0,0,0,0,0,0,0,0,0,0,3,0,0,0,0,0,0,4,0,0,0,0,0,0,0,0,0,0,0,0,0,0,0,0,0,0,0,0,0,0,0,0,0,0,0,0,0,0,0,0,0,0,0,0,0,0,0,0,0,0,0,0,0,0,0,0,0,0,0,0,0,0,0,0,8,0,0,0,0,0,0,0,0,0,0,0,0,0,0,0,0,0,0,0,0,0,0,8,0,0,0,0,17,0,0,0,0,0,0,0,0,0,27,0,0,0,0,0,0,0,0,0,0,0,0,0,0,0,0,0,0,0,0,0,0,0,71,0,0,0,0,0,0,0,0,0,0,0,0,0,0,0,0,0,0,0,31,0,0,0,0,0,0,0,0,42,0,0,0,0,0,0,0,0,0,0,0,0,0,0,0,0,0,0,0,0,0,33,0,0,33,0,0,0,51,0,0,0,0,0,0,0,0,0,0,0,0,0,0,0,0,0,0,0,0,0,0,0,30,0,0,0,0,0,0,0,0,0,0,0,0,0,0,0,0,0,137,0,0,87,0,0,0,0,0,0,62,0,0,0,0,0,0,0,0,0,0,188,0,0,0,0,0,0,0,0,0,0,0,0,0,0,0,0,0,34,0,0,71,0,0,0,0,0,0,85,0,0,0,68,0,0,0,141,0,71,0,112,0,88,0,0,0,0,116,0,102,0,0,50,73,0,0,0,0,166,101,1599,262,172,138,131,102,253
"SF49",2020,"grape","A","noGC","LV",0,0.501,31,0,0,0,0,0,0,0,0,0,0,0,0,0,0,0,0,0,0,0,0,0,0,3,3,0,0,0,0,0,0,3,0,0,0,0,0,0,0,0,0,0,0,0,0,0,0,0,0,0,0,0,0,0,0,0,0,0,0,0,0,0,0,0,0,0,0,0,0,0,5,0,0,0,0,0,0,0,0,0,0,0,0,0,4,0,0,0,0,0,0,0,0,0,0,0,0,0,10,0,0,0,0,0,0,0,0,0,0,4,0,0,0,0,0,0,0,0,0,0,0,0,0,0,12,0,0,0,0,0,0,0,0,0,0,0,0,0,0,0,27,0,0,0,0,0,0,0,0,0,0,0,0,0,0,0,0,0,0,0,0,0,0,0,0,0,0,0,0,0,0,0,0,0,0,0,0,0,0,0,0,6,0,0,0,0,0,0,0,0,63,0,0,0,0,0,0,0,0,0,0,0,0,0,0,0,0,0,0,0,0,0,0,0,0,0,0,0,0,0,0,0,0,0,0,0,0,0,0,0,0,0,0,0,0,0,0,0,0,0,0,31,0,0,0,0,0,0,0,0,0,0,0,0,0,0,0,0,0,0,0,0,0,0,0,0,0,0,0,0,0,0,0,0,0,0,27,0,0,0,28,0,0,0,0,0,0,0,0,27,0,168,0,43,0,0,0,0,89,0,68,0,0,0,59,0,0,79,0,14,284,33,0,0,119,90,0,119,0,134,0,249,65,0,182,302,0,0,0,0,243,329,1307,191,184,237,186,368,283
"SF50",2020,"grape","A","noGC","LV",33,0.4975,48,0,0,0,0,0,0,0,0,0,0,0,0,0,0,0,0,0,0,0,0,0,0,0,0,0,2,0,0,0,0,0,0,0,0,0,0,0,0,0,0,0,0,0,0,0,0,0,0,0,0,0,0,0,0,3,0,0,0,0,0,0,0,0,0,0,0,0,0,0,0,0,0,0,0,0,0,0,0,0,0,0,0,0,0,0,0,0,0,0,0,0,0,0,0,0,0,0,0,0,0,0,0,0,0,0,0,0,0,0,0,0,0,0,0,0,0,0,0,0,0,0,0,0,0,0,0,0,0,0,0,0,0,0,0,0,0,0,0,0,0,0,0,0,0,0,0,0,0,0,0,0,0,0,0,0,0,19,0,0,0,0,0,0,70,0,0,0,0,0,0,0,0,0,0,0,0,0,0,0,0,0,0,0,0,0,0,0,0,0,0,0,0,0,0,0,0,0,0,0,0,0,0,0,0,0,0,0,0,0,63,0,0,0,0,0,0,0,0,0,0,0,0,0,0,0,0,0,0,0,41,58,0,0,0,0,0,0,0,0,0,0,0,0,0,0,0,0,0,0,0,0,0,0,0,0,0,0,0,0,0,0,0,0,0,0,0,0,0,0,0,0,0,0,0,0,80,0,0,0,0,0,0,0,0,0,0,0,0,0,54,69,0,0,0,0,0,0,0,0,67,0,0,0,0,0,0,0,0,0,265,0,0,0,125,143,0,0,0,0,101,0,0,0,195,382,0,188,70,0,0,311,1728,425,176,293,172,390,442
"SF51",2020,"grape","A","noGC","LV",66,0.5025,45,0,0,0,0,0,0,0,0,0,0,0,2,0,0,0,0,0,0,0,0,0,0,0,0,0,0,0,0,0,0,0,0,0,0,0,0,0,0,0,0,0,0,0,0,0,0,0,0,0,0,0,0,0,0,0,0,0,0,0,0,0,0,0,0,2,0,0,0,0,0,0,0,0,0,0,0,0,0,0,0,0,0,0,0,0,0,0,0,7,0,0,0,0,0,0,0,0,0,0,0,0,0,0,0,0,0,7,0,0,0,0,0,0,0,0,0,0,0,0,0,0,0,0,0,0,0,0,0,0,0,0,0,0,0,34,0,0,0,0,0,0,0,0,0,0,0,0,0,0,0,0,0,0,0,0,0,0,0,0,68,0,0,31,0,0,0,0,0,61,0,0,0,0,0,0,0,0,0,0,0,0,0,0,0,0,17,0,2,0,0,0,0,0,0,0,0,0,0,0,0,36,0,0,0,0,15,0,0,0,0,0,0,0,0,0,0,0,0,0,0,0,0,0,0,0,0,0,0,0,0,0,0,0,0,0,0,30,0,77,0,0,0,0,0,0,0,0,0,0,0,0,0,0,0,0,0,0,0,0,0,0,0,0,0,59,0,0,0,40,0,0,0,0,0,0,0,0,0,0,0,0,0,0,0,0,0,0,0,0,0,0,29,0,0,0,0,0,0,0,0,0,0,0,0,25,69,0,0,20,0,96,0,93,69,0,0,0,79,0,0,0,325,0,149,331,145,0,0,0,229,0,914,249,0,0,0,610,286
"SF52",2020,"grape","A","GC","LV",0,0.1385,0,0,0,0,0,0,0,0,0,0,0,0,0,0,0,0,0,0,0,0,0,0,0,0,0,0,0,0,0,0,0,0,0,0,0,0,0,0,0,0,0,4,0,0,0,0,0,0,0,0,0,0,0,0,2,0,0,0,0,0,0,0,0,0,0,0,0,0,0,0,2,0,0,0,0,0,0,0,0,0,0,0,0,0,0,0,0,0,0,6,6,0,0,0,0,0,0,0,0,0,0,0,0,0,0,0,0,0,0,6,0,24,0,0,0,0,0,0,0,0,0,0,0,0,14,0,0,0,10,0,0,0,0,0,0,0,47,0,0,0,0,0,0,0,0,0,0,0,0,0,0,0,0,0,0,0,0,0,0,0,0,0,0,8,0,0,0,0,0,34,0,35,0,0,0,0,77,0,0,0,0,0,0,0,0,0,0,0,0,0,0,0,0,0,0,0,0,0,0,78,0,0,0,0,0,0,0,0,0,0,0,0,0,0,0,0,0,0,0,26,0,0,0,0,0,0,0,0,0,48,0,0,0,17,0,0,0,0,0,41,0,0,0,0,0,0,0,57,0,0,0,0,0,0,0,0,0,99,0,0,0,0,0,0,0,0,0,0,0,60,0,0,0,0,0,0,26,0,0,0,0,0,0,0,0,0,0,0,0,77,0,83,30,0,32,0,0,0,75,0,99,60,0,0,104,0,82,140,0,0,225,41,0,220,204,129,79,0,0,0,0,111,184,0,322,305,93,0,70,0,97,408,2512,261,125,133,272,515,435
"SF53",2020,"grape","A","GC","LV",33,0.267,0,0,0,0,0,0,0,0,0,0,0,0,0,0,0,0,0,0,0,0,0,0,0,0,0,0,0,0,0,0,0,0,0,0,0,0,0,0,0,0,0,0,0,0,0,0,0,0,0,0,9,0,0,0,0,0,0,0,0,0,0,0,0,0,0,0,9,0,0,0,0,0,0,0,0,0,0,0,0,0,17,0,0,0,0,0,0,0,0,0,0,0,0,0,0,0,0,0,0,0,0,0,0,0,0,0,0,0,0,0,0,0,0,0,0,0,0,15,0,0,0,0,0,0,0,0,0,0,0,0,0,0,4,0,0,0,0,0,0,0,0,0,0,0,3,0,0,0,0,0,0,0,0,0,0,0,0,0,0,0,0,0,0,0,0,0,0,0,0,0,0,0,0,0,0,0,0,0,0,0,0,0,0,0,0,0,0,0,0,0,0,0,0,0,0,0,0,0,41,0,0,0,0,0,0,0,0,0,0,0,0,0,0,0,0,0,0,0,170,0,0,0,68,0,0,0,0,0,0,0,0,0,66,24,0,0,0,0,0,0,0,10,0,63,0,0,0,0,0,0,0,0,0,0,48,0,0,0,119,0,0,0,0,0,70,0,0,0,0,0,0,0,0,0,0,0,0,0,0,0,0,124,0,0,0,0,0,0,0,0,0,80,0,84,0,0,0,0,45,0,79,115,0,0,86,0,0,140,0,31,74,0,0,164,191,96,0,0,0,204,210,235,398,0,0,99,105,196,0,86,247,312,1203,202,175,272,103,425,378
"SF54",2020,"grape","A","GC","LV",66,0.4395,9,0,0,0,0,0,0,0,0,0,0,0,0,0,0,0,0,0,0,0,0,0,0,0,0,0,0,0,0,0,0,0,0,0,2,0,0,0,0,5,0,0,0,0,0,0,0,0,0,0,0,0,0,0,0,0,0,0,12,0,0,0,0,0,0,0,0,0,0,0,0,0,0,0,0,0,0,0,0,0,0,0,0,0,0,0,0,0,0,0,0,0,0,0,0,0,0,0,0,0,21,0,0,0,0,0,0,0,27,0,0,0,0,0,0,0,0,0,0,25,0,0,0,0,0,0,0,0,0,0,0,0,0,0,0,0,0,0,16,0,0,0,0,0,31,0,0,0,0,0,0,0,0,0,0,0,0,0,0,0,0,0,0,0,0,0,0,0,0,0,0,0,0,0,0,0,0,0,0,0,82,0,0,0,0,0,0,0,0,0,0,40,0,0,0,0,0,0,0,0,89,0,19,0,0,0,0,0,0,150,187,0,0,0,190,0,0,0,0,0,0,12,0,0,0,0,0,0,108,0,0,0,0,45,0,0,0,0,0,82,0,0,0,266,0,0,0,0,0,0,137,0,0,0,0,0,53,0,0,0,0,0,0,0,0,69,0,0,0,0,0,0,0,0,0,0,0,0,0,58,0,0,0,0,91,0,0,0,104,73,0,0,0,0,0,73,0,0,0,0,0,0,0,0,114,58,77,35,0,49,0,174,202,0,36,0,0,198,114,0,0,116,164,0,272,155,120,0,0,90,110,0,1084,426,190,122,68,167,348
"SF55",2020,"grape","A","GC","MV",0,0.1845,1,0,0,0,0,0,0,0,0,0,0,0,0,0,0,0,0,0,0,0,0,0,0,0,0,0,0,0,0,0,0,0,0,0,0,0,0,3,0,0,0,0,0,0,0,0,0,0,0,0,0,0,0,0,0,0,0,0,0,0,0,0,0,0,0,0,0,0,0,0,0,0,0,0,0,0,0,0,0,0,0,0,0,0,0,0,0,0,0,31,0,0,0,0,0,0,0,0,0,0,0,0,0,9,0,0,0,16,0,0,0,0,0,0,0,0,0,0,0,0,0,0,18,0,0,0,0,0,0,0,20,0,0,0,0,0,0,0,0,0,0,0,0,0,0,0,0,0,0,0,0,0,0,0,0,0,0,0,0,0,0,0,0,0,64,0,0,0,0,0,0,0,0,0,0,0,0,0,0,0,0,0,0,0,0,0,0,0,0,0,0,0,0,0,0,0,0,0,69,0,0,0,0,0,0,0,0,0,97,0,0,0,0,0,0,0,0,0,0,0,0,0,0,0,0,0,0,0,0,78,0,0,0,11,0,0,13,67,0,0,0,0,0,0,0,0,0,0,0,0,0,0,0,0,48,0,0,0,0,0,0,0,0,0,161,0,0,0,0,87,175,0,0,0,0,0,64,0,0,0,0,178,0,0,0,0,0,0,0,79,85,188,0,131,0,0,0,0,386,0,122,0,0,0,125,88,0,110,0,163,273,29,160,180,175,142,0,149,0,224,0,2,172,0,416,342,54,54,104,84,305,496,2310,253,219,250,333,347,494
"SF56",2020,"grape","A","GC","MV",33,0.082,0,0,0,0,0,0,0,0,0,0,0,0,0,0,0,0,0,0,0,0,0,0,3,0,0,0,0,0,0,0,0,0,0,0,0,0,0,0,0,0,0,0,0,0,0,0,0,0,0,0,0,0,0,0,0,0,0,0,0,0,0,0,0,0,0,0,0,0,0,0,0,0,0,13,0,0,0,0,0,0,0,0,0,0,0,0,0,0,0,0,0,0,0,0,0,0,0,0,0,0,0,0,0,0,0,0,0,8,0,0,0,0,0,0,0,0,0,0,0,0,0,0,0,0,0,0,0,0,0,0,0,0,0,0,0,0,0,0,0,0,0,0,0,0,0,0,0,0,0,0,0,0,0,0,0,0,0,0,0,0,0,0,0,0,0,0,0,0,0,17,0,0,0,0,0,0,0,0,0,0,0,76,0,0,0,0,0,0,0,0,0,0,0,0,0,0,0,0,0,0,0,0,0,0,0,0,0,0,0,0,0,0,0,0,0,0,0,0,0,0,0,0,0,0,26,0,0,0,0,44,0,0,0,0,0,0,0,0,0,0,0,19,0,0,0,0,0,0,0,0,0,0,0,0,0,0,0,0,0,0,0,81,0,0,0,0,0,0,0,0,0,0,0,0,0,0,0,115,0,0,0,129,0,65,0,0,0,0,109,0,63,70,0,0,215,0,0,136,0,0,79,0,0,0,0,0,0,70,0,82,0,90,0,151,134,0,0,0,0,0,0,82,0,113,0,0,0,187,0,166,0,0,2703,524,0,97,386,758,166
"SF57",2020,"grape","A","GC","MV",66,0.698,169,0,0,0,0,0,0,0,0,0,0,2,0,0,0,0,0,0,0,0,0,0,0,0,0,0,3,0,0,0,0,0,0,0,0,0,0,0,5,0,0,0,0,0,0,0,0,0,0,0,0,0,0,0,0,7,0,12,0,0,0,0,0,0,0,0,0,0,0,0,0,0,0,0,0,0,16,0,0,0,0,0,0,0,0,0,0,0,0,0,0,0,0,0,0,0,0,0,0,0,0,0,0,0,0,0,0,0,0,0,0,0,0,0,0,0,25,0,0,0,0,0,0,0,0,0,0,0,0,0,0,0,0,0,0,0,0,0,0,0,0,0,0,0,0,0,54,0,0,24,0,0,0,0,0,61,0,0,0,0,0,0,0,0,0,0,0,0,0,39,0,15,0,0,0,0,0,0,0,0,0,0,0,0,0,0,0,0,0,0,0,0,0,0,0,0,0,0,0,0,0,67,0,0,49,0,0,0,0,0,0,0,0,0,0,0,0,0,0,49,0,0,0,0,0,0,0,0,0,0,0,75,0,40,0,0,0,0,0,0,0,0,0,0,0,0,0,0,0,0,0,0,0,0,100,50,0,0,130,0,0,0,0,0,0,0,0,0,0,87,0,0,0,0,0,0,0,0,0,80,0,0,0,0,145,0,0,0,0,48,41,77,0,0,0,0,0,0,58,0,81,0,0,0,143,26,0,0,236,0,148,0,126,122,116,0,0,232,0,227,361,74,120,0,78,0,0,20,0,156,149,341,1833,358,165,342,286,362,380
"SF58",2020,"grape","A","noGC","MV",0,0.5205,226,0,0,0,0,0,0,0,0,0,0,0,0,0,0,0,0,0,0,0,0,0,0,0,0,0,0,0,0,0,0,0,0,0,0,0,0,0,0,0,0,0,0,0,0,0,0,0,0,0,0,0,0,0,0,0,0,0,0,0,0,0,0,0,0,0,0,0,0,0,0,0,0,0,0,0,0,0,0,0,0,0,0,0,0,0,0,0,0,0,0,0,0,0,0,0,0,0,0,0,0,0,0,0,0,0,0,0,0,0,0,0,0,0,0,0,0,0,0,0,0,0,0,0,0,0,0,0,0,0,0,0,0,0,0,0,0,0,0,0,0,0,0,0,0,0,0,0,0,0,0,0,0,0,0,0,0,0,0,0,0,2,0,0,0,0,0,0,0,0,0,39,0,0,0,0,0,0,0,0,0,0,0,0,0,0,0,0,0,0,0,0,0,0,0,0,0,0,0,0,0,40,0,0,8,0,0,0,0,24,28,0,0,0,0,0,0,0,0,0,0,28,0,0,18,0,0,0,0,0,0,0,0,0,0,0,0,0,0,0,0,0,0,0,0,0,0,0,0,0,0,0,0,0,0,0,0,119,0,0,0,0,72,0,0,59,0,0,0,0,0,0,0,72,0,0,36,0,0,0,0,0,0,0,0,0,0,0,0,0,0,0,0,0,0,0,0,0,0,0,0,0,0,0,0,16,0,40,0,0,0,135,0,0,5,73,0,0,89,0,0,0,0,0,109,115,150,0,0,0,0,0,341,0,0,0,0,435,197
"SF59",2020,"grape","A","noGC","MV",33,0.353,21,0,0,0,0,0,0,0,0,0,0,0,0,0,0,0,0,0,0,0,0,0,0,0,0,0,0,0,0,0,0,0,0,0,0,0,0,0,0,0,0,0,0,0,0,0,0,0,0,0,0,0,0,0,0,0,0,0,0,0,0,0,0,0,0,0,0,0,0,0,0,0,0,0,0,0,0,0,0,0,0,0,0,0,0,0,0,0,0,0,0,0,0,0,0,0,0,0,0,0,0,0,0,27,0,0,0,0,0,8,0,0,0,0,0,0,0,0,0,0,0,0,0,0,0,0,0,2,20,0,0,0,0,0,0,0,0,0,0,0,0,0,0,0,0,0,3,0,0,0,0,0,0,0,0,0,0,0,0,0,0,0,0,0,0,0,0,0,0,0,0,0,0,0,0,0,0,0,0,7,28,71,0,0,0,0,0,0,0,0,0,0,0,0,0,27,0,0,0,0,0,0,52,0,0,0,0,0,0,16,0,0,0,0,0,0,0,0,0,39,0,0,0,0,34,0,0,0,0,0,0,0,0,0,0,0,0,84,0,0,0,0,0,0,0,0,0,0,0,0,0,0,0,0,0,0,0,0,0,0,0,0,0,0,0,0,0,0,0,0,0,0,0,0,0,192,0,0,0,0,0,0,0,0,0,0,0,0,0,0,0,0,0,51,0,0,0,0,160,0,118,0,0,0,0,0,0,127,0,0,248,173,0,128,94,0,0,0,0,207,0,0,0,0,279,348,172,92,0,0,0,233,2189,233,173,228,193,500,439
"SF60",2020,"grape","A","noGC","MV",66,0.507,86,0,0,0,0,0,0,0,0,0,0,0,0,0,0,0,0,0,0,0,0,0,0,0,0,0,0,0,0,0,0,0,0,0,0,0,0,0,0,0,0,0,0,0,0,0,0,0,0,0,0,0,0,0,0,0,0,0,0,0,0,0,0,0,0,0,0,0,7,0,0,0,0,0,0,0,0,0,0,0,0,0,0,0,0,0,0,0,0,0,0,0,0,0,0,0,0,0,0,0,0,0,27,0,0,0,0,0,0,0,0,0,0,0,0,0,0,0,0,0,0,0,0,0,0,0,0,0,0,2,0,0,0,0,0,0,0,0,0,0,0,0,0,0,0,0,0,0,0,0,0,0,0,0,0,0,0,0,0,0,0,0,0,0,0,0,0,0,0,4,0,0,0,0,0,0,0,0,0,0,0,0,0,0,0,0,0,0,0,0,0,0,0,0,0,0,0,0,0,0,0,26,0,0,0,0,0,0,0,0,0,0,0,0,0,0,0,0,0,59,0,0,0,0,0,0,0,0,0,0,0,0,0,0,0,0,0,0,0,0,58,26,0,0,0,0,0,0,0,0,0,0,0,0,0,0,0,0,0,0,0,85,0,0,0,0,0,0,0,54,44,0,0,0,0,0,0,0,0,0,0,0,0,0,62,0,83,0,0,0,40,0,0,0,0,0,0,0,0,0,63,0,0,194,0,93,50,121,0,96,266,31,0,0,208,159,0,0,0,324,367,0,0,0,260,290,0,232,114,0,99,550,2604,146,192,214,283,449,508
"SF61",2020,"grape","B","GC","LV",0,0.106,0,0,0,0,0,0,0,0,0,0,0,0,0,0,0,0,0,0,0,0,0,0,0,0,0,0,0,0,0,0,0,0,0,0,0,0,0,0,0,0,0,0,0,0,0,0,0,0,0,0,0,0,0,0,5,0,0,0,0,0,0,6,0,0,0,0,0,0,0,0,0,0,0,0,0,0,0,0,0,0,0,0,0,0,0,0,0,0,0,2,0,0,0,0,0,0,0,0,0,0,0,0,0,0,0,0,0,0,0,0,0,0,0,0,0,0,0,0,0,0,0,0,0,13,0,0,0,19,0,23,0,0,0,0,0,0,0,0,0,0,0,0,0,0,2,0,0,0,0,0,0,0,0,0,0,0,0,0,0,0,0,0,0,0,0,0,0,0,0,0,0,0,0,0,0,0,0,0,0,0,0,0,0,0,0,0,0,0,0,0,0,62,15,0,0,0,0,0,0,0,0,0,0,0,0,0,0,0,0,0,0,0,0,0,0,0,0,0,0,0,0,0,0,0,0,106,0,0,0,0,0,0,0,0,0,0,0,0,0,0,0,0,0,0,0,0,0,0,0,0,0,0,0,0,0,0,0,0,0,0,0,0,0,0,0,0,0,0,0,47,0,65,0,0,0,0,0,0,0,0,0,0,0,0,0,0,0,0,0,0,0,0,92,0,0,0,0,0,0,0,0,0,0,0,48,51,0,48,0,0,84,88,0,0,78,49,0,0,0,0,0,0,0,0,137,127,78,0,0,0,146,0,801,224,160,0,0,467,291
"SF62",2020,"grape","B","GC","LV",33,0.191,2,0,0,0,0,0,0,0,0,0,0,0,0,0,0,0,0,0,0,0,0,0,0,0,0,0,0,0,0,0,0,0,0,0,0,0,0,3,0,0,0,0,0,0,0,0,0,0,0,0,0,0,0,0,0,0,0,0,0,0,0,0,0,0,0,0,0,0,0,0,0,0,0,0,0,0,0,0,0,0,0,0,0,0,0,0,0,0,0,6,0,0,0,0,0,0,0,0,0,0,0,0,0,0,0,0,0,0,0,0,0,0,0,0,10,0,0,0,0,0,0,0,0,0,0,0,0,0,17,0,0,0,0,0,0,0,0,0,0,0,0,0,0,0,0,0,0,0,0,0,0,0,0,0,0,0,0,17,0,0,0,0,0,0,0,0,0,0,0,29,0,0,0,0,0,0,0,0,0,0,0,0,0,0,0,0,0,0,0,0,0,0,0,0,0,0,0,0,22,0,0,0,0,0,0,0,0,0,0,0,0,0,0,0,0,0,49,0,0,0,0,0,0,0,0,0,0,0,0,0,0,0,0,0,0,0,0,0,0,0,0,0,0,0,96,0,0,0,0,0,0,0,0,0,101,0,0,146,0,0,0,0,0,0,0,0,0,0,0,83,158,0,0,0,0,0,0,0,0,0,0,0,0,0,164,0,0,0,0,0,60,91,67,105,0,0,0,0,172,0,0,0,0,0,160,0,32,82,0,48,330,0,0,162,215,196,0,0,0,254,247,111,0,0,428,534,0,98,83,0,216,346,2998,308,248,191,252,182,502
"SF63",2020,"grape","B","GC","LV",66,0.258,6,0,0,0,0,0,0,0,0,0,0,0,0,0,0,0,0,0,0,0,0,0,0,0,0,0,0,0,0,0,0,0,0,0,0,0,0,0,0,0,0,0,0,0,0,0,7,0,0,0,0,0,0,0,0,0,0,0,0,0,0,0,0,0,0,0,0,0,0,0,0,0,0,0,0,0,0,0,0,0,0,0,0,0,0,0,0,0,0,0,0,0,0,0,0,0,0,0,0,0,0,0,0,0,0,0,0,0,0,0,0,0,0,0,0,0,0,0,0,0,0,0,0,0,0,0,0,0,0,0,0,0,0,0,0,0,0,0,0,0,0,0,0,0,0,0,0,0,0,14,0,0,0,0,0,0,0,0,0,0,0,0,0,0,0,0,0,0,0,0,0,0,0,0,0,0,0,0,0,0,74,0,0,0,0,0,0,0,0,0,0,0,0,0,0,0,0,0,0,0,0,0,0,0,0,0,0,0,0,24,0,0,0,0,0,0,0,0,0,0,0,0,0,0,0,0,0,0,0,0,0,0,0,23,0,0,0,0,0,0,0,31,0,0,0,0,0,0,0,0,0,0,0,0,0,0,0,0,0,0,73,52,0,0,0,0,0,0,0,0,0,0,0,0,0,0,0,0,0,0,0,0,0,0,0,0,0,0,0,87,0,0,0,0,0,0,0,0,0,0,136,0,0,0,0,0,0,132,0,0,98,70,0,0,0,0,150,0,0,133,0,260,0,0,110,218,0,180,0,0,180,382,1493,237,0,0,152,459,230
"SF64",2020,"grape","B","noGC","LV",0,0.389,102,0,0,0,0,0,0,0,0,0,0,0,0,0,0,0,0,0,0,0,0,3,0,0,0,0,0,0,0,0,0,0,0,0,0,0,0,0,0,0,0,0,0,0,0,0,0,0,0,0,0,0,0,0,0,0,0,0,0,0,0,0,0,0,0,0,0,0,0,0,0,0,0,0,0,0,0,0,0,0,0,0,0,0,0,0,0,0,0,0,0,14,0,0,0,0,0,0,0,0,0,0,0,0,0,0,0,0,0,7,0,0,0,0,0,0,0,0,0,0,0,0,0,0,0,0,0,0,0,0,0,0,0,0,0,0,0,0,0,0,0,0,0,0,0,0,0,0,0,17,0,0,0,0,0,0,0,0,0,0,0,56,0,0,0,0,0,0,0,58,0,0,0,0,0,0,0,0,0,0,0,0,0,0,0,0,0,0,0,0,0,0,0,0,0,0,37,0,0,0,0,53,0,0,28,0,0,0,0,0,0,0,98,61,0,0,0,0,0,0,0,0,0,0,0,0,0,0,0,0,0,0,0,40,0,0,0,0,0,0,0,0,0,0,0,0,0,0,0,173,0,0,0,0,68,0,0,44,0,0,0,0,0,0,0,0,124,0,0,0,0,83,0,80,0,0,0,0,0,72,0,0,0,0,0,0,129,0,0,0,0,0,0,0,0,0,0,0,0,0,0,0,0,0,135,0,0,74,0,0,61,102,127,0,0,0,109,0,68,0,0,124,201,0,166,125,115,0,79,0,234,91,850,415,226,0,0,454,335
"SF65",2020,"grape","B","noGC","LV",33,0.308,14,0,0,0,0,0,0,0,0,0,2,0,0,0,0,0,0,0,0,0,0,0,0,0,0,0,0,0,0,0,0,0,0,0,0,0,0,0,0,0,0,0,0,0,0,0,0,0,0,0,0,0,0,0,0,0,0,0,0,0,0,0,2,0,0,0,0,0,0,0,0,0,0,0,0,0,0,0,0,0,0,0,0,0,0,0,0,0,0,0,0,0,0,0,0,0,0,0,0,0,0,0,0,0,0,0,0,0,0,0,0,0,0,0,0,0,0,0,0,0,0,0,0,0,0,0,0,0,0,0,0,0,0,0,0,17,0,0,0,0,0,0,0,0,0,0,0,0,0,0,0,0,0,0,0,0,0,0,0,0,0,0,0,0,0,0,0,0,0,73,0,0,0,0,0,0,0,0,0,11,0,0,0,0,0,0,0,0,0,0,0,0,0,0,0,0,0,0,0,161,0,0,0,90,37,0,0,84,0,37,0,0,0,0,0,0,0,0,0,0,0,0,110,0,0,0,0,0,0,0,0,0,0,20,0,0,0,0,0,0,0,47,0,0,97,0,0,0,0,0,0,0,0,0,0,0,0,0,0,0,0,0,0,0,0,0,0,0,0,79,54,0,0,0,0,74,101,0,0,0,0,0,138,0,0,0,107,0,0,0,34,0,0,67,0,0,0,0,0,0,110,0,0,0,194,81,0,72,0,0,0,0,274,0,97,60,0,0,171,217,0,74,0,0,303,196,166,171,0,81,219,328,1509,433,0,248,218,301,268
"SF66",2020,"grape","B","noGC","LV",66,0.302,8,0,0,0,0,0,0,0,0,0,0,0,0,0,0,0,0,0,0,0,0,0,0,0,0,0,0,0,0,0,0,0,0,0,0,0,0,0,0,0,0,0,0,0,0,0,0,0,0,0,0,0,0,0,0,0,0,0,0,0,0,0,0,0,0,0,0,0,0,0,0,0,0,0,0,0,0,0,0,0,0,0,0,0,0,0,0,0,0,0,0,0,0,0,0,0,0,0,0,0,0,0,0,0,0,0,0,0,0,0,0,0,0,0,0,0,0,0,0,0,0,0,0,0,0,0,0,0,0,0,0,0,0,4,0,0,0,0,0,0,0,0,0,0,0,0,0,0,0,0,0,0,0,0,0,0,0,27,0,0,0,0,0,0,0,0,0,0,0,28,0,0,0,0,60,0,0,0,0,0,0,0,0,0,0,0,0,0,0,0,0,0,0,0,0,0,0,0,0,0,0,43,53,0,35,0,0,0,0,0,0,0,0,0,0,0,0,0,0,0,0,0,0,0,0,0,0,0,0,0,0,0,0,36,0,0,0,22,0,0,0,0,0,101,0,0,0,0,0,0,0,0,0,0,34,0,146,0,0,149,0,0,0,0,247,0,0,66,0,0,0,0,0,0,0,0,0,0,0,0,0,0,0,0,0,0,117,0,0,0,0,80,0,0,0,0,0,0,0,0,87,0,0,0,207,0,0,126,223,0,0,0,122,101,0,0,195,0,0,0,281,165,92,0,246,64,201,153,0,127,196,284,1730,464,0,200,291,553,268
"SF67",2020,"grape","B","noGC","MV",0,0.702,124,0,0,0,0,0,0,0,0,0,0,0,0,0,0,0,0,0,0,0,0,0,0,0,0,0,0,0,0,0,0,0,0,0,0,0,0,0,0,0,0,5,0,0,0,0,0,0,0,0,0,0,0,0,0,0,0,0,0,0,0,0,0,0,0,0,0,0,0,0,0,0,0,0,0,0,0,0,0,0,0,0,0,0,0,0,0,0,0,8,0,0,0,0,0,0,0,0,0,0,0,15,0,0,0,0,0,12,0,0,0,0,0,0,0,0,0,0,0,0,0,0,0,0,0,0,0,0,0,0,0,0,0,0,0,0,0,0,0,0,0,0,0,0,0,0,0,0,0,0,0,0,0,0,0,0,0,0,0,0,0,0,0,0,0,0,0,0,0,0,0,0,0,0,0,0,0,0,0,0,0,0,0,0,0,0,0,0,0,0,0,0,0,0,0,0,0,0,0,0,0,72,0,0,29,0,43,0,0,19,0,0,0,0,0,0,0,0,0,0,0,0,0,0,0,0,0,0,0,0,0,0,0,44,0,0,0,0,0,0,0,0,0,0,0,0,0,0,0,0,0,0,0,0,0,58,0,0,0,0,0,0,88,0,0,0,0,0,0,45,0,0,0,109,0,0,170,0,0,0,61,0,0,143,0,0,0,0,0,0,16,0,0,0,0,176,0,0,0,0,0,80,148,0,0,73,0,0,0,24,0,80,0,0,13,176,0,84,447,0,0,0,0,0,191,0,86,70,0,162,155,0,2645,680,244,0,67,1059,247
"SF68",2020,"grape","B","noGC","MV",33,0.379,29,0,0,0,0,0,0,0,0,0,0,0,0,0,0,0,0,0,2,0,0,0,0,0,0,0,0,0,0,0,0,0,0,0,0,0,0,0,0,0,0,5,0,0,0,0,0,0,0,0,0,0,0,0,0,0,0,4,0,0,0,0,0,0,0,9,0,0,0,0,0,0,0,0,0,0,0,0,0,8,0,0,0,0,0,0,0,0,0,0,0,0,0,0,0,0,0,0,0,0,0,0,0,0,0,0,0,0,0,30,0,31,0,0,0,0,0,0,0,0,0,0,0,0,0,0,0,0,0,0,0,0,0,0,0,0,0,0,0,0,0,0,0,0,0,0,0,0,0,0,0,0,0,0,0,0,50,0,0,0,0,65,0,0,0,0,0,0,0,0,0,63,0,0,0,0,0,0,0,0,0,0,0,0,0,0,39,0,0,0,0,0,0,0,0,0,0,0,0,0,0,73,0,0,22,0,0,0,0,0,0,0,0,0,0,0,0,0,0,0,0,105,37,0,0,0,0,0,0,0,0,0,0,37,0,0,0,0,0,125,0,0,0,0,0,0,0,0,0,0,0,0,0,0,51,0,0,0,0,0,0,0,36,0,0,100,0,0,0,52,0,0,81,184,0,0,114,0,0,0,0,0,0,102,0,0,0,0,0,0,0,0,87,0,165,0,0,49,0,0,0,79,0,0,0,57,150,0,0,0,0,52,0,0,0,107,0,0,311,0,0,94,178,0,204,383,0,190,0,88,148,103,3162,367,191,0,0,564,386
"SF69",2020,"grape","B","noGC","MV",66,0.7105,76,0,0,0,0,0,0,0,0,0,0,0,0,0,0,0,0,0,0,0,0,0,0,0,0,0,0,0,0,0,0,0,0,0,0,0,0,0,0,0,0,0,0,0,0,0,0,0,0,0,0,0,0,2,0,0,0,0,0,0,0,0,0,0,0,0,0,0,0,0,0,0,0,0,0,0,0,0,0,0,0,0,0,0,0,0,0,0,9,0,0,0,0,3,0,0,0,0,0,0,0,0,0,0,0,0,0,0,0,0,0,0,0,0,0,0,0,0,0,0,0,0,0,0,0,0,0,0,28,0,0,0,0,0,0,0,0,0,0,0,0,0,0,0,0,0,0,0,0,0,0,0,0,0,0,0,0,0,0,0,0,0,0,0,29,0,0,0,0,0,0,36,0,0,0,0,0,0,0,0,0,84,0,0,0,0,0,0,0,0,0,0,0,0,0,0,0,0,0,0,0,0,35,0,0,0,0,0,0,0,0,0,0,0,0,0,0,0,0,0,0,0,0,0,0,0,0,0,0,0,0,0,0,0,0,0,0,0,0,0,0,42,0,0,0,0,0,0,0,0,0,0,0,0,101,0,0,99,0,0,0,98,0,0,0,0,0,0,0,103,0,0,0,0,0,0,0,0,0,0,0,128,0,0,0,0,0,0,0,0,35,92,92,0,0,0,0,0,0,0,93,0,0,0,0,31,0,0,0,0,345,110,60,189,161,125,0,0,0,75,138,0,0,0,146,258,0,82,79,0,161,289,2405,267,175,215,0,172,312
"SF70",2020,"grape","B","GC","MV",0,1.0945,4,0,0,0,0,0,0,0,0,2,0,0,0,0,0,0,0,0,0,0,0,0,0,0,0,0,0,0,0,0,0,0,0,0,0,0,0,0,0,0,0,0,0,0,0,0,0,0,0,0,0,0,0,0,0,0,0,0,0,0,0,0,0,0,0,0,0,0,0,0,0,0,0,0,0,0,0,0,0,0,0,0,0,0,0,0,0,0,0,0,0,0,0,0,0,0,0,0,0,0,0,0,0,0,0,0,0,0,0,0,0,0,0,0,0,0,0,0,0,0,0,0,0,0,0,0,0,0,25,0,0,0,0,0,0,0,0,0,18,0,0,0,0,0,4,0,0,0,0,0,0,0,0,0,0,0,0,0,0,0,0,0,0,0,12,0,0,0,0,0,0,0,0,0,0,0,0,0,0,0,0,0,0,0,0,0,0,0,0,0,0,0,0,0,0,0,0,0,0,0,0,0,0,0,15,0,0,23,0,0,20,0,0,0,0,0,0,0,0,0,0,0,0,0,0,0,0,108,0,0,0,0,0,0,0,0,0,0,0,20,0,0,0,0,86,0,0,0,0,0,0,0,0,0,0,0,0,0,74,0,0,77,0,0,0,0,0,0,0,0,0,0,0,0,0,0,62,0,0,0,0,0,0,0,0,0,0,0,0,82,0,102,0,0,0,0,0,0,215,0,78,0,0,178,90,31,0,0,0,0,256,74,268,168,146,0,0,0,0,200,296,237,163,0,219,140,0,173,84,0,212,377,2126,472,0,0,189,498,313
"SF71",2020,"grape","B","GC","MV",33,0.2785,6,0,0,0,0,0,0,0,0,0,0,0,0,0,0,0,0,0,0,0,3,0,0,0,0,0,0,0,0,0,0,0,0,0,0,0,0,0,0,0,0,0,0,0,0,0,0,0,8,9,0,0,0,0,0,0,0,0,0,0,0,0,0,0,0,0,0,0,0,0,0,0,0,0,0,0,0,0,0,0,0,0,0,0,0,0,0,0,0,0,0,0,0,0,0,0,0,0,0,0,0,0,0,0,0,0,0,0,0,0,0,0,0,0,0,0,0,0,0,0,0,0,0,36,0,0,0,0,0,30,0,0,0,0,0,0,0,0,0,0,0,0,0,0,0,0,0,0,0,0,0,0,0,0,0,0,0,0,0,0,0,0,0,0,0,0,0,0,0,12,0,0,0,0,0,0,0,0,0,0,0,0,0,0,0,0,0,0,0,0,0,0,0,0,0,11,0,0,0,0,0,0,24,0,38,0,55,0,0,0,0,0,0,0,0,37,0,0,0,0,0,0,0,0,0,0,0,0,0,0,0,0,63,25,0,0,0,0,0,0,0,0,0,0,0,0,0,136,0,0,0,0,0,0,0,0,0,0,0,0,0,0,75,0,0,0,0,0,0,174,0,107,0,0,192,0,0,0,0,22,0,0,0,0,0,0,64,261,0,0,0,0,192,57,0,0,0,42,0,0,0,0,0,0,0,0,77,54,0,0,163,251,0,0,129,0,131,0,129,0,0,0,122,0,235,89,270,0,0,70,339,88,2110,765,268,0,127,406,265
"SF72",2020,"grape","B","GC","MV",66,0.755,91,0,0,0,0,0,0,0,0,0,0,0,0,0,0,0,0,0,0,0,0,0,0,0,0,0,0,0,0,0,0,0,0,0,0,0,0,5,0,0,0,0,0,0,0,0,0,0,0,0,0,0,0,0,2,0,0,0,0,0,0,0,0,0,0,0,0,0,0,0,15,0,0,0,0,0,0,0,0,0,0,0,0,0,0,0,0,0,0,0,0,0,9,22,0,0,0,0,23,0,0,0,0,11,0,0,75,0,0,0,0,0,0,0,0,0,0,0,0,0,0,39,39,23,0,0,0,10,0,0,43,0,0,14,0,0,0,0,0,0,0,0,52,0,0,4,0,0,0,0,0,0,0,0,61,0,0,62,0,0,0,69,0,0,0,0,0,220,0,0,0,0,0,0,0,0,0,0,0,0,0,0,0,0,74,0,0,0,0,0,30,0,0,0,0,17,0,0,0,0,0,0,0,0,0,0,0,0,0,22,0,0,0,0,0,0,0,0,0,0,0,0,0,0,0,0,0,0,0,0,0,0,0,0,0,0,65,70,0,0,68,0,0,0,117,0,0,0,0,0,0,0,47,0,81,0,0,0,113,0,0,0,0,0,0,0,0,0,0,104,0,50,4,0,0,0,0,47,0,53,0,0,74,0,100,198,76,122,0,140,0,0,158,0,0,0,0,0,52,0,64,0,0,0,297,83,202,64,0,50,57,95,258,0,0,123,241,203,0,209,427,215,483,0,86,414,0,0,0,75,280,408,1920,229,163,177,164,271,427
"SF73",2020,"grape","C","noGC","MV",0,0.568,21,0,0,0,0,0,0,0,0,0,0,0,0,0,0,0,0,0,0,0,0,0,0,0,0,0,0,0,0,0,0,0,0,0,0,0,0,0,0,0,0,0,0,0,0,0,0,0,0,0,0,0,0,0,0,0,0,0,0,0,0,0,0,0,0,0,0,0,0,0,0,0,0,0,0,0,0,0,0,0,0,0,0,0,0,0,0,0,0,7,0,0,0,0,0,0,0,0,0,0,0,0,0,3,28,0,0,0,0,0,0,0,0,0,0,0,0,0,0,0,0,0,0,0,26,0,0,42,0,0,0,0,0,0,0,0,0,0,0,0,0,0,10,0,0,0,0,0,0,0,0,0,0,0,0,0,0,26,0,0,0,0,0,0,0,0,0,0,0,0,0,0,0,0,0,0,0,0,0,0,0,0,22,0,0,0,0,0,0,0,0,0,0,0,0,20,0,0,0,0,0,0,26,0,0,0,0,94,0,0,0,0,0,0,0,0,0,0,0,26,0,0,0,0,0,0,0,0,0,41,0,0,0,0,0,0,16,103,0,0,0,0,0,0,0,0,0,0,0,0,0,0,38,0,0,0,0,0,112,0,0,114,0,0,0,0,0,0,0,24,0,0,0,0,0,0,0,0,0,0,0,247,0,0,0,0,0,0,0,186,0,276,185,0,0,0,0,87,186,0,62,0,0,0,233,0,124,68,0,0,389,41,0,0,123,179,124,0,0,307,252,142,707,0,148,475,0,160,74,0,437,964,2975,188,0,338,185,352,614
"SF74",2020,"grape","C","noGC","MV",33,0.729,51,0,0,0,0,0,0,0,0,0,0,0,0,0,0,0,0,0,0,0,0,0,0,0,0,0,0,0,0,0,0,0,0,0,0,0,0,0,0,0,0,0,0,6,0,0,0,0,0,0,0,0,0,0,10,0,0,2,0,0,0,0,0,0,0,0,0,0,0,0,0,0,0,0,0,0,0,0,0,0,0,0,0,0,0,0,0,0,0,0,0,0,0,0,0,0,0,0,0,0,0,0,0,0,0,0,0,0,0,16,0,0,0,0,0,0,0,0,0,18,0,0,0,0,0,0,0,0,0,0,0,0,0,0,0,0,0,0,0,0,0,0,0,0,10,0,10,0,0,0,0,0,60,61,0,0,62,0,0,0,0,42,0,0,0,0,0,0,0,21,0,0,0,0,0,0,0,0,0,0,0,0,0,0,0,0,0,0,0,0,0,56,41,0,0,14,0,0,0,0,0,0,0,0,44,0,0,0,0,0,51,0,0,0,0,0,0,50,0,19,0,67,0,0,51,0,0,0,0,0,112,0,0,43,0,0,0,0,0,83,0,0,0,0,0,0,0,0,0,0,0,0,0,0,0,0,0,139,53,0,0,0,0,0,0,74,119,0,0,130,0,0,0,65,13,0,86,60,0,0,0,0,0,0,130,0,0,0,78,0,0,0,71,0,0,120,0,0,0,0,0,0,0,0,0,0,81,95,0,0,0,95,0,0,0,120,0,0,118,0,0,150,0,0,150,344,266,0,0,64,84,0,2390,365,218,0,45,514,330
"SF75",2020,"grape","C","noGC","MV",66,0.583,17,0,0,0,0,0,0,0,0,0,0,0,0,0,0,0,0,0,0,0,0,0,0,0,0,0,0,0,0,0,0,0,0,0,0,0,0,0,0,0,0,2,0,0,0,0,0,0,0,0,0,0,0,0,0,0,0,0,0,0,0,0,0,0,0,0,0,0,0,0,0,0,0,0,0,9,0,0,0,0,0,0,0,0,0,0,0,0,0,0,5,0,0,0,0,0,0,0,0,0,0,0,0,0,0,0,0,0,0,0,0,0,0,0,0,0,0,29,0,0,0,0,0,30,0,0,0,0,12,0,0,0,0,0,0,0,0,0,0,0,0,0,0,0,0,0,0,0,0,0,0,0,0,0,0,0,0,0,0,0,0,49,0,0,15,0,0,0,0,0,0,0,0,0,0,0,0,0,0,0,0,65,0,0,45,0,0,0,0,0,0,0,0,0,0,0,0,0,0,0,0,0,0,0,0,0,0,0,0,0,38,0,0,0,0,0,0,0,0,0,0,0,0,0,0,0,0,0,0,0,0,0,0,0,0,53,0,80,0,16,62,0,0,0,117,0,0,0,0,0,0,0,0,0,0,0,0,0,89,0,0,0,0,0,0,0,0,0,0,0,0,0,0,0,0,0,0,0,195,0,0,0,0,0,117,0,0,0,0,0,0,178,0,52,0,0,0,0,124,0,123,0,0,0,71,0,104,0,0,121,307,171,0,147,129,215,0,0,0,123,0,0,64,73,141,247,0,0,58,0,246,543,2566,120,239,364,302,504,332
"SF76",2020,"grape","C","GC","MV",0,0.2345,0.5,0,0,0,0,0,0,0,2,0,0,0,0,0,0,0,0,0,0,0,0,0,0,0,0,0,0,0,0,0,0,0,0,0,0,0,2,0,0,0,0,0,0,0,2,0,0,0,0,0,0,0,0,0,0,0,0,0,0,0,0,0,0,0,0,0,0,0,0,0,0,0,0,0,0,0,0,0,0,0,0,0,0,0,0,0,0,0,0,0,0,0,0,0,0,0,0,0,0,0,0,0,0,0,0,0,0,0,0,0,0,0,0,0,0,0,0,0,0,0,0,0,0,0,0,0,0,0,0,0,0,0,0,0,0,8,0,48,0,0,0,0,0,0,3,0,0,0,0,0,0,0,0,0,0,0,0,0,0,0,0,0,0,0,37,0,0,72,0,0,0,0,0,0,0,0,0,0,0,0,0,0,0,0,0,0,0,0,14,0,0,0,0,0,0,0,0,0,0,0,0,0,43,0,0,0,0,0,0,0,0,0,0,0,0,0,0,0,0,73,0,0,61,0,0,0,0,0,41,0,0,0,0,0,0,0,34,92,124,0,0,4,0,0,0,0,0,0,0,0,0,0,40,0,0,0,0,0,95,0,0,0,0,117,0,0,0,0,0,35,0,0,0,0,0,0,0,0,0,0,0,0,0,0,136,0,0,0,0,78,0,0,106,72,0,0,0,0,71,0,97,0,0,146,193,94,84,0,0,93,202,0,101,124,118,0,0,116,0,145,0,0,150,0,351,372,0,0,82,0,292,378,2110,153,202,255,209,356,465
"SF77",2020,"grape","C","GC","MV",33,0.174,0.5,0,0,0,0,0,0,2,0,0,0,0,0,0,0,0,0,0,0,0,0,0,0,0,0,0,0,0,0,0,0,0,0,0,0,0,0,0,0,0,0,0,6,0,0,0,0,0,0,0,0,0,0,0,0,0,0,0,0,0,0,0,13,0,14,0,0,0,0,0,0,0,0,0,0,0,0,0,0,0,0,0,0,0,0,0,0,0,0,11,0,0,0,0,0,0,0,0,0,0,0,0,0,0,0,0,0,0,19,0,0,0,0,0,0,0,0,0,0,0,0,0,0,0,0,0,0,0,0,0,0,0,0,0,0,0,0,0,0,0,0,0,0,0,9,0,0,0,0,0,0,0,0,0,0,0,0,0,0,0,0,0,0,4,0,0,0,0,0,68,0,63,0,0,42,0,0,0,0,0,0,43,0,0,0,0,0,0,0,0,0,0,0,0,0,166,88,0,0,0,0,58,0,0,16,0,0,0,0,0,0,0,0,0,0,0,0,0,0,0,0,0,0,0,0,0,0,0,0,0,0,0,0,0,0,0,0,0,0,0,0,7,0,0,0,0,0,0,0,0,0,0,0,0,0,62,0,0,0,0,0,0,0,0,0,0,0,0,0,4,0,105,0,0,0,0,0,0,0,0,0,0,0,0,88,0,0,0,0,0,0,0,203,0,0,0,0,0,0,0,0,0,0,0,106,0,126,43,99,0,73,98,93,0,0,0,0,167,288,0,0,0,167,0,337,38,117,0,67,49,296,0,2771,384,309,77,231,519,454
"SF78",2020,"grape","C","GC","MV",66,0.22,1.5,0,0,0,0,0,0,0,0,0,0,0,0,0,0,0,0,0,0,0,0,0,0,0,0,0,0,0,0,0,0,4,0,0,0,0,0,0,0,0,0,0,0,0,0,0,0,0,0,0,0,0,0,0,0,0,0,0,0,0,0,0,0,0,0,0,0,0,0,0,0,0,0,11,0,0,2,0,0,5,10,0,0,0,0,0,0,0,0,0,0,0,0,0,0,0,0,0,0,0,0,0,0,10,0,0,0,0,0,0,0,0,0,0,3,0,0,0,0,0,0,0,0,15,0,0,0,0,0,0,0,0,0,0,0,0,0,0,0,0,0,0,0,0,0,0,4,0,0,0,0,0,0,0,0,0,0,0,0,0,0,0,0,0,0,0,0,0,0,21,0,0,0,0,0,0,0,0,0,0,0,0,0,0,0,0,0,0,0,0,0,0,0,0,0,0,0,0,0,0,0,0,0,0,0,0,0,0,0,0,0,0,0,0,0,0,0,0,0,0,0,0,0,0,0,0,0,0,0,0,0,0,0,0,0,0,0,0,0,0,0,0,0,0,0,0,0,0,0,0,0,0,0,0,0,0,0,0,0,0,0,0,0,0,0,0,0,0,0,0,0,0,0,0,0,0,0,86,0,0,0,0,0,0,0,0,0,0,0,0,210,0,0,0,0,0,109,0,297,0,95,0,0,0,0,0,0,0,0,51,0,114,0,163,35,131,0,0,0,0,0,0,0,106,225,0,0,0,101,169,0,129,2830,812,137,356,306,776,278
"SF79",2020,"grape","C","noGC","LV",0,0.7355,36.5,0,0,0,0,0,0,0,0,0,0,0,0,0,0,0,0,0,0,0,0,0,0,0,0,0,0,0,0,0,0,0,0,0,0,0,0,0,0,0,0,0,0,0,0,0,0,0,0,0,0,0,0,0,0,0,0,0,0,0,0,0,0,0,0,0,0,0,0,0,0,0,0,0,0,0,0,0,0,0,0,0,0,0,0,0,0,0,21,8,0,0,0,0,0,0,0,0,0,0,0,0,0,0,0,0,0,0,0,11,0,0,0,0,0,0,0,0,10,0,0,0,0,4,0,0,0,0,0,0,0,0,0,0,0,0,0,0,0,0,25,0,0,0,0,0,0,0,0,0,0,0,0,0,0,0,0,0,0,0,0,0,0,0,0,0,0,0,0,45,0,56,0,0,0,0,0,0,0,0,0,0,0,0,0,0,0,0,0,0,0,0,0,0,0,0,0,0,0,0,0,0,0,0,43,0,0,0,0,0,0,0,0,0,0,0,0,0,0,43,0,0,0,0,0,0,0,0,0,0,0,0,0,19,0,0,0,124,0,0,81,0,0,0,105,0,0,0,0,0,0,0,0,0,0,0,0,0,0,0,120,61,0,0,0,0,0,0,0,79,0,27,0,0,0,0,0,0,0,0,0,0,0,0,0,0,0,0,0,73,29,255,134,83,0,0,131,101,94,0,88,0,0,0,348,82,57,76,0,83,89,47,0,100,81,133,240,112,0,140,0,0,197,0,338,160,95,0,140,0,229,379,3241,454,180,217,392,442,460
"SF80",2020,"grape","C","noGC","LV",33,0.5445,8.5,0,0,0,2,2,2,0,0,0,0,0,0,0,0,0,0,0,0,0,0,0,0,0,0,0,0,0,0,0,0,0,0,0,0,0,5,0,0,0,0,0,0,0,0,0,0,0,0,0,0,0,0,0,0,0,0,0,0,0,0,0,0,0,0,0,0,0,0,0,0,0,0,0,0,0,0,0,0,0,0,0,0,0,0,0,0,0,0,13,0,0,0,0,0,0,0,0,11,0,0,0,0,0,0,29,0,0,7,0,0,0,0,0,0,0,0,0,0,0,0,0,21,25,0,0,0,0,0,0,0,0,0,0,0,0,0,0,18,0,0,0,0,0,0,54,0,0,0,0,0,60,0,0,0,0,0,0,0,0,0,0,0,0,0,0,72,0,0,22,0,0,0,0,0,0,0,0,0,0,0,0,0,0,85,85,0,0,0,0,42,0,0,0,0,0,0,0,0,0,0,72,0,0,34,0,0,0,0,70,0,0,0,0,0,0,0,0,0,57,0,0,0,0,0,0,0,0,0,0,0,0,0,0,0,0,0,0,0,0,29,0,0,0,201,0,0,0,0,0,0,0,0,0,75,0,0,0,117,0,150,107,0,0,0,0,0,0,0,0,97,0,0,0,0,0,98,78,0,0,0,0,0,0,0,0,0,0,0,273,0,176,193,108,0,0,0,0,0,0,182,0,0,0,311,62,53,0,0,0,69,0,92,0,130,0,0,163,0,194,0,154,120,0,119,257,0,0,0,103,338,351,2985,273,0,269,274,354,617
"SF81",2020,"grape","C","noGC","LV",66,0.2405,2,0,0,0,0,0,0,0,0,0,0,0,0,0,0,0,0,0,0,0,0,0,0,0,0,0,0,0,0,0,0,0,0,0,0,0,0,0,0,0,0,6,0,0,0,0,0,0,0,0,0,0,0,0,0,0,8,0,0,0,0,0,0,0,0,0,9,0,0,0,0,0,0,0,0,0,0,0,0,0,0,0,0,18,0,0,0,0,0,0,0,0,0,0,0,0,0,0,0,0,0,0,0,0,0,0,0,0,0,0,0,0,0,0,0,0,0,0,0,0,0,0,0,22,0,0,0,0,0,21,0,0,0,0,46,0,0,0,0,51,0,0,0,0,0,0,0,0,0,0,0,0,0,0,0,0,0,0,0,0,0,61,0,63,0,0,0,33,0,0,0,60,0,0,0,0,0,0,0,0,0,0,0,0,75,0,0,0,0,0,0,87,0,0,0,0,99,0,0,0,0,0,41,0,0,62,51,0,0,0,0,0,0,0,0,0,0,101,0,77,0,0,0,0,0,0,0,0,0,0,95,0,0,41,0,0,0,0,0,0,0,0,0,0,0,0,0,135,0,0,0,0,15,0,0,0,0,0,46,0,0,0,65,0,0,127,0,0,0,0,0,0,0,0,192,0,0,0,0,0,0,0,103,0,0,0,0,142,0,0,0,0,99,0,0,0,0,0,55,0,0,51,0,0,166,29,0,60,0,0,31,142,74,0,0,44,0,0,156,0,0,0,158,0,164,234,0,136,0,70,299,0,2643,205,68,0,0,650,455
"SF82",2020,"grape","C","GC","LV",0,0.255,0,0,0,0,0,0,0,0,0,0,0,0,0,0,0,0,0,0,0,0,0,0,0,0,0,0,0,0,0,0,0,0,0,0,0,0,0,0,0,0,0,0,0,0,0,0,0,0,0,0,0,0,0,0,0,0,0,0,0,0,0,0,0,0,0,0,0,0,0,0,0,0,0,0,0,0,0,0,0,0,0,0,0,0,0,4,0,0,0,29,0,0,0,0,0,0,0,0,14,0,0,0,0,0,0,0,0,0,0,0,0,0,0,0,0,12,0,0,37,0,0,0,0,0,0,0,0,0,0,8,0,0,0,4,0,0,0,0,0,0,0,0,0,0,0,0,0,0,33,0,0,0,0,0,0,0,0,0,0,0,0,0,0,0,0,0,0,0,0,14,0,0,0,0,0,0,0,0,0,0,0,0,0,0,0,0,0,0,0,0,0,0,0,0,0,0,0,0,79,0,0,56,0,0,0,0,0,0,0,0,0,0,0,0,0,0,101,0,0,40,0,0,0,0,0,0,0,0,0,0,0,0,0,0,0,0,48,0,0,0,0,0,0,0,134,0,0,99,0,0,0,0,132,0,0,56,0,70,64,0,0,0,0,0,0,0,0,0,169,0,0,0,0,30,0,0,0,0,138,0,0,0,0,0,0,0,62,0,0,0,0,61,39,0,0,0,0,0,90,0,112,0,158,0,170,63,0,122,0,108,166,51,0,129,0,226,96,74,0,176,0,0,408,0,316,522,137,0,54,0,252,79,3167,171,220,306,308,62,555
"SF83",2020,"grape","C","GC","LV",33,0.2605,0.5,0,0,2,0,0,0,0,0,0,0,0,0,0,0,0,0,0,0,0,0,0,0,0,0,0,0,0,0,0,0,0,0,0,0,0,0,0,0,0,0,0,0,0,0,0,0,0,0,0,0,0,0,0,0,0,0,0,0,0,0,13,2,0,0,0,0,0,0,6,4,0,0,0,0,0,0,0,0,0,0,0,0,0,0,0,0,0,0,0,0,0,22,0,0,0,0,0,0,0,0,0,0,0,0,0,0,0,0,7,0,0,0,0,0,0,0,0,34,0,0,0,0,0,31,0,42,27,0,0,0,0,0,0,0,0,0,0,50,0,0,0,0,0,0,0,0,0,0,0,0,0,0,0,0,0,0,0,64,0,0,0,0,0,0,0,0,0,0,0,0,0,0,0,0,0,0,0,0,82,0,0,0,0,0,0,0,0,0,0,151,0,0,88,88,0,0,0,0,0,0,35,0,0,0,0,0,80,0,0,0,0,0,0,0,0,0,0,0,254,0,0,0,0,0,0,0,0,0,72,0,0,0,61,0,0,0,112,0,0,0,138,0,0,280,0,0,0,0,0,0,0,198,0,107,0,0,0,557,0,0,100,0,268,0,0,0,0,0,68,74,0,0,0,0,0,0,102,0,0,0,0,139,0,80,0,0,0,0,261,0,281,147,69,0,0,0,0,87,0,105,0,0,0,505,29,60,53,0,0,76,0,0,153,354,167,0,117,0,0,230,81,639,0,142,386,0,40,75,0,319,1715,5387,167,99,350,730,355,714
"SF84",2020,"grape","C","GC","LV",66,0.2185,17,0,0,0,0,0,0,0,0,0,0,0,0,0,0,0,0,0,0,0,0,0,0,0,0,0,0,0,0,0,0,0,0,0,0,0,0,0,0,0,0,0,0,0,0,0,0,0,0,0,0,0,0,0,0,0,0,0,0,0,0,0,0,0,0,0,0,0,0,0,0,0,0,0,0,8,0,0,0,0,0,0,0,0,0,0,0,0,0,17,0,0,0,0,0,0,0,0,0,0,0,0,0,0,0,0,0,0,0,3,0,0,0,0,0,0,0,0,0,0,0,0,0,0,0,41,0,0,0,12,0,0,0,0,0,0,0,0,0,0,0,0,0,0,0,0,0,0,0,0,0,0,0,0,0,0,27,0,0,0,0,65,0,0,0,0,0,0,0,0,0,0,0,0,0,0,0,0,0,0,0,0,0,0,0,46,32,0,0,0,0,0,0,0,0,0,0,0,0,0,60,50,90,0,0,0,0,0,0,20,0,0,0,0,0,0,0,96,0,0,0,0,0,0,106,0,0,0,0,0,72,0,0,51,0,0,123,0,0,73,0,0,0,0,0,0,0,0,0,0,0,0,0,0,0,77,0,0,130,0,0,0,0,0,0,40,0,0,0,0,0,0,11,0,0,0,193,0,0,65,0,0,191,0,0,145,0,0,105,0,0,0,77,0,0,0,0,0,0,0,0,0,0,0,247,0,163,0,0,67,0,130,207,0,57,40,0,108,215,0,0,196,0,0,0,365,78,0,0,119,263,0,2254,309,203,0,178,726,331
"SF85",2020,"grape","D","GC","LV",0,0.3505,5,0,0,0,0,0,0,0,0,0,0,0,0,0,0,0,0,0,0,0,0,0,0,0,0,0,0,0,0,0,0,0,0,0,0,0,0,0,0,0,0,0,0,0,0,0,0,0,0,0,0,0,0,0,6,0,0,0,0,0,0,0,0,0,0,0,0,0,0,0,0,0,0,0,0,16,0,0,0,0,0,0,0,0,0,0,0,0,0,0,0,0,0,0,0,0,0,0,0,0,0,0,0,0,0,0,0,0,0,0,0,0,0,0,0,0,0,0,0,0,39,0,0,0,40,0,0,0,0,0,0,0,0,0,0,0,0,0,0,0,35,0,0,0,11,0,0,0,0,0,0,0,0,0,53,0,0,0,0,0,0,0,0,0,0,0,0,0,0,61,0,0,0,0,0,0,0,0,0,0,0,0,0,39,0,0,86,0,0,0,0,0,0,0,0,0,0,0,0,0,0,0,0,0,0,0,0,0,0,0,0,0,0,0,0,0,0,0,0,103,0,0,0,0,30,0,0,0,0,0,0,0,0,24,0,0,0,69,0,0,0,0,0,0,0,0,0,0,0,0,0,0,0,0,142,0,0,141,0,0,0,0,0,0,0,0,0,0,0,58,0,101,12,74,0,0,0,0,0,0,0,0,240,99,114,107,0,220,0,55,27,0,214,7,0,0,0,0,0,109,99,54,0,0,87,0,66,93,0,118,197,64,93,0,191,128,0,0,0,170,0,133,88,0,107,291,81,0,0,0,411,286,2728,428,0,222,0,576,385
"SF86",2020,"grape","D","GC","LV",33,0.8835,29,0,2,0,0,0,0,0,0,0,0,0,0,0,0,0,0,0,0,3,0,0,0,0,0,0,0,0,0,0,0,0,0,0,0,0,0,0,0,0,0,0,0,0,0,0,0,0,0,0,0,0,0,0,0,0,0,0,0,0,0,0,0,0,0,0,0,0,0,0,0,0,0,0,0,0,0,0,0,0,12,0,0,0,0,0,0,0,0,0,0,0,0,0,0,0,0,0,20,0,0,0,0,0,0,0,0,3,0,0,0,0,2,0,0,0,0,0,16,0,0,0,0,0,0,0,0,0,0,0,40,0,0,0,0,0,0,0,0,0,0,0,0,0,0,0,0,0,0,0,0,0,0,0,0,0,0,0,0,0,0,0,0,0,50,0,0,0,0,0,0,0,0,0,0,0,0,0,0,0,0,0,0,0,0,0,0,0,0,0,87,0,0,0,0,0,0,0,0,0,0,0,0,0,0,0,0,0,0,0,0,0,0,0,0,0,0,0,0,87,0,0,0,0,0,0,0,0,0,0,0,0,0,0,0,0,0,95,0,0,0,0,0,0,0,0,0,0,0,0,0,0,102,0,0,0,0,0,26,107,0,0,0,0,0,0,0,0,0,0,0,0,0,0,0,0,84,95,0,0,0,183,0,0,0,0,0,0,0,79,0,0,154,66,0,0,0,0,73,0,44,0,0,166,103,0,0,91,0,130,81,51,88,99,151,158,0,127,0,335,228,128,645,63,134,175,0,248,188,158,283,576,2684,386,227,166,598,527,544
"SF87",2020,"grape","D","GC","LV",66,0.7575,36,0,0,0,0,0,0,0,0,0,0,0,0,0,0,0,0,0,0,0,0,0,0,0,0,0,0,0,0,0,0,0,0,0,0,0,0,0,0,0,0,0,0,0,0,0,0,0,0,0,0,0,0,0,0,0,11,0,0,0,0,0,0,0,6,0,0,0,0,0,6,0,0,0,0,12,0,0,0,0,0,0,0,0,0,0,0,0,0,2,0,22,0,0,0,0,0,0,0,0,0,0,0,0,0,0,0,0,0,0,0,0,0,0,0,0,0,0,0,34,0,0,0,39,0,0,0,0,0,43,0,0,0,0,0,47,0,0,0,0,0,0,0,0,0,0,0,0,0,33,0,0,0,0,0,0,0,0,0,0,0,0,0,0,0,0,0,0,0,0,0,74,0,0,0,0,0,45,0,0,0,0,0,85,0,0,0,0,0,0,0,32,69,0,0,0,85,0,0,0,0,90,0,0,19,93,62,0,0,53,51,0,0,0,0,0,0,0,0,0,0,0,0,0,0,0,0,0,0,105,0,0,0,118,0,0,0,0,0,0,0,0,0,0,0,0,0,0,0,0,0,0,0,0,0,71,86,0,0,0,0,0,0,0,0,45,0,0,0,97,0,62,0,40,242,0,177,0,0,0,0,0,0,0,136,36,98,0,0,0,0,0,235,0,0,99,0,0,61,0,0,0,0,0,169,77,205,46,79,0,0,245,0,0,0,0,0,177,123,0,0,164,199,0,338,176,0,0,0,89,157,0,3151,876,246,0,313,723,344
"SF88",2020,"grape","D","noGC","LV",0,0.605,21.5,0,0,0,0,0,0,0,0,0,0,0,0,0,0,0,0,0,0,0,0,0,0,0,0,0,0,0,0,0,0,0,0,0,0,0,0,0,0,0,0,0,0,0,0,0,0,0,0,0,0,0,0,0,0,0,0,0,0,0,0,0,0,0,0,0,0,0,0,0,0,0,0,0,0,0,0,0,0,13,0,0,0,0,0,0,0,0,0,0,0,0,0,0,0,0,0,0,0,0,0,0,0,0,0,0,0,0,0,2,0,0,0,0,33,0,0,0,0,0,0,0,32,0,0,0,0,0,0,0,0,0,0,0,0,0,0,0,0,0,0,0,0,0,0,0,0,0,0,0,0,0,0,0,0,0,0,0,0,0,0,44,0,0,0,0,0,0,0,0,0,49,0,0,0,0,0,0,0,0,0,0,0,0,0,0,0,0,0,0,27,0,0,0,0,43,0,0,0,0,0,87,0,0,17,37,0,0,0,13,0,0,0,0,0,0,0,0,0,0,0,0,0,0,0,0,0,0,0,0,0,0,0,36,0,0,0,0,0,0,0,25,0,0,0,0,0,0,0,0,0,0,0,0,50,0,0,0,0,0,0,0,0,0,0,0,0,0,0,0,0,0,0,0,0,0,0,0,0,98,0,0,0,0,0,0,0,0,0,0,0,72,0,97,0,0,0,0,97,0,134,0,0,0,0,41,0,96,0,0,88,85,189,0,182,113,329,0,0,270,152,0,0,0,139,308,0,0,0,59,288,373,2629,187,250,218,365,468,380
"SF89",2020,"grape","D","noGC","LV",33,0.776,16.5,0,0,0,0,0,0,0,0,0,0,0,0,0,0,0,0,0,0,0,0,0,0,0,0,0,0,0,0,0,0,0,0,0,0,0,0,0,0,0,6,0,0,0,0,0,0,0,0,0,0,0,0,0,0,0,0,0,0,0,0,0,0,0,0,0,0,0,0,0,0,0,0,0,0,0,0,0,0,0,0,0,0,0,0,0,0,0,0,0,0,0,0,0,0,0,0,0,0,0,0,0,0,2,0,0,0,0,0,0,0,0,0,0,0,0,0,0,0,0,0,0,0,0,0,0,0,0,0,0,0,0,0,0,0,0,0,0,0,0,0,0,0,0,0,0,0,0,0,0,0,0,0,0,0,0,0,0,0,0,0,0,0,10,6,0,0,0,0,0,0,0,0,0,0,0,0,0,0,0,0,0,0,0,0,0,0,0,0,0,0,0,0,0,0,0,0,0,0,0,0,0,0,0,0,0,0,0,0,0,0,0,0,0,0,0,0,0,0,0,0,0,0,0,0,0,0,0,61,0,0,0,0,0,0,0,0,0,0,0,0,0,0,0,0,0,0,0,0,0,0,0,0,0,0,0,0,0,0,0,0,0,0,0,0,0,0,0,0,2,0,0,0,0,0,0,45,0,0,0,70,201,0,110,0,0,0,0,0,0,225,0,0,0,0,0,0,0,308,0,96,0,174,0,59,68,0,16,0,61,64,119,0,0,0,32,0,0,0,0,0,61,0,82,0,0,0,0,157,140,0,179,2171,352,133,244,353,449,203
"SF90",2020,"grape","D","noGC","LV",66,0.6545,12.5,2,0,0,0,0,0,0,0,0,0,0,0,0,0,0,0,0,0,0,0,0,0,0,0,0,0,0,0,0,0,0,0,0,0,0,0,0,0,0,0,0,0,0,0,0,0,0,0,0,0,0,0,0,0,0,0,0,0,0,0,0,0,0,0,0,0,0,0,0,0,0,0,0,0,0,0,0,0,0,0,0,0,0,0,0,0,0,0,20,0,0,0,0,0,0,0,23,0,0,25,0,0,0,0,0,0,0,0,0,0,0,0,0,0,0,0,0,0,0,0,0,0,0,0,0,0,0,0,0,0,0,0,0,0,0,0,0,0,0,0,0,0,0,0,0,0,0,57,0,0,0,0,0,0,0,0,0,0,0,0,0,0,0,0,0,0,123,0,0,0,64,0,0,0,0,0,0,0,17,0,0,0,0,0,0,0,0,0,0,79,0,0,0,49,0,0,0,0,0,0,58,0,0,22,0,0,88,0,65,0,0,0,0,0,0,0,0,0,0,0,0,0,0,0,0,0,49,0,52,0,0,57,37,0,0,0,0,0,0,0,0,0,0,0,0,0,0,0,0,0,0,41,0,0,0,73,0,154,0,0,0,0,97,0,0,0,0,0,55,0,0,0,0,0,0,91,0,0,0,0,0,0,0,0,0,0,0,0,393,44,196,76,98,0,0,0,0,0,0,107,0,0,178,226,0,273,44,0,0,233,0,91,108,216,94,0,199,0,295,272,145,459,0,201,513,85,181,0,71,263,420,2942,181,0,0,385,323,447
"SF91",2020,"grape","D","noGC","MV",0,0.276,6.5,0,0,0,0,0,0,0,0,0,0,0,0,0,0,0,0,0,0,0,0,0,0,0,0,2,0,0,0,0,4,0,0,0,0,5,0,0,0,0,0,0,0,0,0,0,0,0,0,0,0,0,0,0,0,0,0,0,0,3,0,0,0,0,11,0,0,0,0,0,0,0,0,0,16,0,0,0,0,0,0,0,0,0,5,0,0,0,0,24,0,0,0,0,0,0,0,0,0,0,0,0,0,0,0,0,0,0,0,0,0,0,0,0,0,0,0,0,0,0,0,0,0,0,0,0,0,0,0,21,0,0,0,0,0,42,0,0,23,0,0,0,0,0,79,0,30,0,0,0,0,0,0,0,0,0,0,0,0,0,0,0,0,0,0,0,0,0,0,20,0,0,0,127,0,0,0,47,81,0,0,0,0,0,0,0,0,0,0,0,0,0,0,0,0,0,93,0,0,0,0,0,0,0,39,26,52,0,0,0,0,0,0,0,0,0,0,0,64,0,0,0,112,0,0,0,0,0,0,0,70,0,52,0,0,0,57,34,0,0,0,0,128,0,0,0,0,0,0,137,0,0,0,0,23,51,30,0,0,0,0,0,49,0,0,109,122,0,0,0,0,156,0,155,25,0,182,0,0,173,0,0,0,0,0,224,0,0,0,267,0,0,187,48,0,0,0,0,0,0,0,0,0,0,236,35,346,0,0,13,134,161,35,0,0,142,140,224,264,0,0,185,640,0,291,368,107,0,0,56,482,0,2240,438,278,0,316,658,413
"SF92",2020,"grape","D","noGC","MV",33,0.5785,82.5,0,0,0,0,0,0,0,0,0,0,0,0,0,0,0,0,0,0,0,0,0,0,0,0,0,0,0,0,0,0,0,0,0,0,0,0,0,0,0,0,2,0,0,0,0,0,0,0,0,0,0,0,0,0,0,0,0,0,0,0,0,0,0,0,0,0,0,0,0,0,0,0,0,0,0,0,0,0,0,0,0,0,0,0,0,0,0,0,17,7,0,0,0,0,0,0,0,0,0,0,0,0,0,0,0,0,0,0,0,0,0,0,0,0,0,0,0,0,0,0,0,0,0,0,0,0,0,0,0,0,0,0,0,0,0,0,0,0,0,0,0,0,0,37,0,0,0,0,0,0,0,0,0,0,0,0,0,0,0,0,0,0,0,0,0,0,0,0,0,0,0,0,0,0,0,0,49,119,0,0,0,0,0,0,0,0,0,0,0,80,0,0,43,0,0,0,0,0,0,0,30,31,0,0,43,0,0,0,0,0,0,0,0,0,0,0,0,0,114,39,0,0,0,0,0,0,0,0,0,0,0,0,0,0,0,0,70,0,0,0,0,0,0,0,0,0,0,0,0,0,0,0,0,0,109,0,0,131,0,0,147,0,0,0,0,0,0,0,63,0,0,0,0,0,0,59,194,0,75,0,0,0,0,0,0,125,0,0,0,44,0,68,88,0,0,0,0,107,0,184,0,115,0,384,62,219,39,0,98,88,34,132,101,47,148,272,35,0,111,0,93,491,0,194,0,112,0,0,105,384,448,2116,705,316,294,551,416,439
"SF93",2020,"grape","D","noGC","MV",66,0.147,4.5,0,0,0,0,0,0,0,0,0,0,0,0,0,0,0,0,0,0,0,0,0,0,0,0,0,0,0,0,0,0,0,0,0,0,0,0,0,0,0,0,0,0,0,0,0,0,0,0,0,0,0,0,0,0,0,0,0,0,0,0,0,0,0,0,0,0,5,0,0,0,0,0,0,0,0,0,0,0,0,0,0,0,0,0,0,0,0,0,14,0,0,0,0,0,0,0,0,0,0,0,0,0,0,0,0,0,0,0,0,0,0,0,0,0,0,0,0,0,0,0,0,0,0,0,0,0,0,0,0,0,0,44,0,0,0,0,0,0,0,0,0,0,0,0,0,0,0,0,0,0,0,0,0,0,0,0,0,0,0,0,0,0,0,63,0,0,0,0,6,0,63,0,0,0,0,0,0,0,0,0,0,0,0,0,0,0,0,0,0,15,0,0,0,0,0,0,0,54,0,0,72,78,0,0,0,0,0,0,10,0,0,0,0,0,0,0,0,0,56,0,0,175,0,0,0,0,0,0,0,0,0,0,17,0,0,0,135,0,0,0,0,0,0,0,0,0,0,0,0,0,0,0,0,0,0,0,0,0,0,0,0,0,0,0,0,0,83,0,0,0,0,0,26,0,0,0,0,0,0,0,0,0,0,124,0,0,0,0,0,43,127,0,54,0,0,0,0,82,34,181,0,0,0,226,59,0,96,0,47,159,69,0,137,78,126,0,0,0,285,0,0,153,0,429,373,0,0,0,0,103,357,2834,188,242,237,436,437,309
"SF94",2020,"grape","D","GC","MV",0,0.5205,23.5,0,0,0,0,0,0,0,0,0,0,0,0,0,0,0,0,0,0,0,0,0,0,0,0,0,0,0,0,0,0,0,0,0,0,0,0,0,0,0,0,0,0,0,0,0,0,0,0,0,0,0,0,0,0,0,0,8,0,0,0,0,0,0,0,0,0,0,0,0,0,0,0,0,0,14,0,0,0,3,0,0,0,0,0,0,0,0,0,0,0,0,0,0,0,0,0,0,0,0,0,0,0,0,0,0,0,0,0,0,0,0,0,0,0,0,0,0,0,0,0,0,0,35,0,0,0,0,0,0,0,0,0,0,0,0,0,0,0,20,0,0,0,0,0,0,0,0,0,0,0,0,0,0,0,0,0,0,0,0,0,0,0,0,0,0,0,0,0,0,0,0,0,0,0,0,0,0,0,0,0,0,0,0,0,0,0,0,0,0,0,0,0,0,0,4,0,0,0,0,0,0,0,0,0,0,32,0,0,16,0,0,0,0,0,101,0,0,0,0,0,0,0,0,0,0,0,0,0,0,0,0,0,0,0,0,0,0,0,0,0,0,0,0,0,0,0,0,0,0,0,0,0,0,0,0,0,0,0,0,0,0,0,0,0,0,0,0,0,0,0,0,0,0,0,0,0,0,0,0,0,0,0,0,0,0,0,0,0,0,0,0,0,0,0,0,0,0,39,0,0,0,0,0,0,0,0,61,0,0,0,129,0,50,0,0,0,0,116,0,0,0,111,0,164,103,154,0,0,0,0,0,301,207,100,0,0,448,205
"SF95",2020,"grape","D","GC","MV",33,0.4445,47,0,0,0,0,0,0,0,0,0,0,0,0,0,0,0,0,0,0,0,0,0,0,0,0,0,0,0,0,0,0,0,0,0,0,0,0,0,0,0,0,0,0,0,0,0,0,0,0,0,0,0,0,0,0,0,0,0,0,0,0,0,0,14,0,0,0,0,0,0,0,0,0,0,0,0,0,0,0,17,0,0,0,0,0,0,0,0,0,0,0,0,0,0,0,0,0,0,0,0,0,0,0,0,0,0,0,0,0,13,0,0,0,0,0,0,0,0,0,0,0,0,0,0,0,0,0,0,0,0,0,0,0,0,0,0,0,0,0,0,0,0,0,0,0,0,0,0,0,58,0,0,0,0,0,0,0,0,0,0,0,0,0,0,0,0,0,0,0,0,0,37,0,0,0,77,0,0,0,0,0,0,0,0,0,0,0,0,0,0,0,0,0,0,0,8,0,0,0,0,0,0,0,0,0,0,0,0,0,47,0,0,0,100,0,0,85,0,0,68,0,0,0,0,84,0,0,0,0,0,0,62,0,31,0,0,0,0,0,0,0,0,0,0,0,0,0,0,137,0,0,0,0,0,0,43,0,0,99,0,0,0,0,0,0,0,0,0,0,106,40,0,0,0,0,0,0,0,0,0,0,0,0,0,0,104,0,0,0,111,0,57,0,105,0,0,0,0,173,0,0,0,0,0,247,41,109,98,0,52,39,126,235,0,109,115,0,0,44,0,0,113,467,0,157,198,0,50,0,62,154,410,2526,260,180,220,163,510,348
"SF96",2020,"grape","D","GC","MV",66,0.6075,21,0,0,0,0,0,0,0,0,0,0,0,0,0,0,0,0,0,0,0,0,0,0,0,0,0,0,0,0,0,0,0,0,0,0,0,0,0,0,0,0,0,0,0,0,0,0,0,0,0,0,0,0,0,0,0,0,0,0,0,0,0,0,0,0,0,0,0,0,0,0,0,0,0,0,0,0,0,0,9,0,0,0,0,0,0,2,0,0,14,0,0,0,0,0,0,0,0,0,0,0,0,0,0,0,0,0,0,4,0,0,0,0,0,13,0,0,0,0,0,0,0,0,0,0,0,0,0,0,4,0,0,0,0,0,0,0,0,0,0,0,0,0,0,0,0,0,0,0,0,120,0,0,0,0,0,0,47,0,0,0,0,0,0,28,71,0,0,0,19,0,0,0,0,0,0,0,0,0,0,0,0,0,0,0,0,0,0,0,87,80,0,0,0,0,0,0,0,89,0,0,0,61,0,39,0,0,130,0,0,0,0,0,58,0,0,73,0,0,0,0,0,0,0,57,0,0,0,0,0,0,0,0,32,0,0,0,90,0,0,0,0,0,0,0,0,0,0,0,0,0,0,106,0,53,59,0,0,36,0,75,93,44,0,0,0,0,164,0,177,0,0,0,0,0,0,144,0,0,0,0,0,208,0,229,0,0,0,0,125,86,162,93,88,0,0,0,111,0,0,137,148,0,0,389,85,98,86,0,81,0,60,175,159,394,204,247,168,0,165,139,91,507,0,328,227,150,29,144,54,317,544,4122,380,290,99,244,572,627
